Period,CBOE Total Put/Call Ratio
2019-11-08 00:00:00,0.94
2019-11-07 00:00:00,0.66
2019-11-06 00:00:00,0.93
2019-11-05 00:00:00,0.85
2019-11-04 00:00:00,0.65
2019-11-01 00:00:00,0.74
2019-10-31 00:00:00,1.16
2019-10-30 00:00:00,0.97
2019-10-29 00:00:00,0.85
2019-10-28 00:00:00,0.79
2019-10-25 00:00:00,0.82
2019-10-24 00:00:00,0.78
2019-10-23 00:00:00,0.87
2019-10-22 00:00:00,0.95
2019-10-21 00:00:00,0.94
2019-10-18 00:00:00,1.14
2019-10-17 00:00:00,0.91
2019-10-16 00:00:00,0.92
2019-10-15 00:00:00,1.01
2019-10-14 00:00:00,1.15
2019-10-11 00:00:00,0.94
2019-10-10 00:00:00,0.99
2019-10-09 00:00:00,1.03
2019-10-08 00:00:00,1.01
2019-10-07 00:00:00,1.05
2019-10-04 00:00:00,1.05
2019-10-03 00:00:00,1.37
2019-10-02 00:00:00,1.27
2019-10-01 00:00:00,1.09
2019-09-30 00:00:00,1.17
2019-09-27 00:00:00,1.06
2019-09-26 00:00:00,1.04
2019-09-25 00:00:00,1.05
2019-09-24 00:00:00,1.15
2019-09-23 00:00:00,1.03
2019-09-20 00:00:00,1.05
2019-09-19 00:00:00,1.12
2019-09-18 00:00:00,1.03
2019-09-17 00:00:00,0.83
2019-09-16 00:00:00,1.19
2019-09-13 00:00:00,0.92
2019-09-12 00:00:00,0.84
2019-09-11 00:00:00,0.78
2019-09-10 00:00:00,0.84
2019-09-09 00:00:00,0.98
2019-09-06 00:00:00,0.92
2019-09-05 00:00:00,0.82
2019-09-04 00:00:00,1.0
2019-09-03 00:00:00,1.11
2019-08-30 00:00:00,1.25
2019-08-29 00:00:00,1.01
2019-08-28 00:00:00,1.18
2019-08-27 00:00:00,0.95
2019-08-26 00:00:00,1.09
2019-08-23 00:00:00,1.19
2019-08-22 00:00:00,0.93
2019-08-21 00:00:00,1.28
2019-08-20 00:00:00,0.84
2019-08-19 00:00:00,0.94
2019-08-16 00:00:00,1.1
2019-08-15 00:00:00,1.17
2019-08-14 00:00:00,1.27
2019-08-13 00:00:00,0.93
2019-08-12 00:00:00,1.16
2019-08-09 00:00:00,0.99
2019-08-08 00:00:00,1.05
2019-08-07 00:00:00,1.26
2019-08-06 00:00:00,1.1
2019-08-05 00:00:00,1.24
2019-08-02 00:00:00,1.13
2019-08-01 00:00:00,1.06
2019-07-31 00:00:00,0.99
2019-07-30 00:00:00,1.03
2019-07-29 00:00:00,0.81
2019-07-26 00:00:00,0.81
2019-07-25 00:00:00,0.77
2019-07-24 00:00:00,0.73
2019-07-23 00:00:00,0.75
2019-07-22 00:00:00,0.99
2019-07-19 00:00:00,1.09
2019-07-18 00:00:00,0.94
2019-07-17 00:00:00,0.99
2019-07-16 00:00:00,0.9
2019-07-15 00:00:00,0.96
2019-07-12 00:00:00,0.9
2019-07-11 00:00:00,0.88
2019-07-10 00:00:00,0.87
2019-07-09 00:00:00,0.94
2019-07-08 00:00:00,0.94
2019-07-05 00:00:00,0.9
2019-07-03 00:00:00,0.77
2019-07-02 00:00:00,0.89
2019-07-01 00:00:00,0.88
2019-06-28 00:00:00,0.86
2019-06-27 00:00:00,0.89
2019-06-26 00:00:00,0.91
2019-06-25 00:00:00,0.98
2019-06-24 00:00:00,0.77
2019-06-21 00:00:00,0.76
2019-06-20 00:00:00,0.76
2019-06-19 00:00:00,0.85
2019-06-18 00:00:00,0.91
2019-06-17 00:00:00,1.0
2019-06-14 00:00:00,0.97
2019-06-13 00:00:00,0.9
2019-06-12 00:00:00,1.0
2019-06-11 00:00:00,0.98
2019-06-10 00:00:00,0.78
2019-06-07 00:00:00,0.79
2019-06-06 00:00:00,0.85
2019-06-05 00:00:00,0.99
2019-06-04 00:00:00,0.96
2019-06-03 00:00:00,1.13
2019-05-31 00:00:00,1.19
2019-05-30 00:00:00,1.1
2019-05-29 00:00:00,1.41
2019-05-28 00:00:00,1.07
2019-05-24 00:00:00,0.96
2019-05-23 00:00:00,1.21
2019-05-22 00:00:00,0.94
2019-05-21 00:00:00,1.0
2019-05-20 00:00:00,0.85
2019-05-17 00:00:00,1.09
2019-05-16 00:00:00,1.02
2019-05-15 00:00:00,1.15
2019-05-14 00:00:00,1.02
2019-05-13 00:00:00,1.09
2019-05-10 00:00:00,1.24
2019-05-09 00:00:00,1.28
2019-05-08 00:00:00,1.2
2019-05-07 00:00:00,0.87
2019-05-06 00:00:00,1.05
2019-05-03 00:00:00,0.77
2019-05-02 00:00:00,0.93
2019-05-01 00:00:00,0.93
2019-04-30 00:00:00,1.04
2019-04-29 00:00:00,0.86
2019-04-26 00:00:00,0.86
2019-04-25 00:00:00,0.85
2019-04-24 00:00:00,0.87
2019-04-23 00:00:00,0.81
2019-04-22 00:00:00,0.86
2019-04-18 00:00:00,0.88
2019-04-17 00:00:00,0.81
2019-04-16 00:00:00,0.92
2019-04-15 00:00:00,0.91
2019-04-12 00:00:00,0.74
2019-04-11 00:00:00,0.99
2019-04-10 00:00:00,0.89
2019-04-09 00:00:00,0.86
2019-04-08 00:00:00,0.76
2019-04-05 00:00:00,0.82
2019-04-04 00:00:00,0.81
2019-04-03 00:00:00,0.86
2019-04-02 00:00:00,0.83
2019-04-01 00:00:00,0.84
2019-03-29 00:00:00,0.88
2019-03-28 00:00:00,0.87
2019-03-27 00:00:00,1.03
2019-03-26 00:00:00,0.88
2019-03-25 00:00:00,0.86
2019-03-22 00:00:00,0.89
2019-03-21 00:00:00,0.77
2019-03-20 00:00:00,0.89
2019-03-19 00:00:00,0.96
2019-03-18 00:00:00,0.81
2019-03-15 00:00:00,0.85
2019-03-14 00:00:00,0.91
2019-03-13 00:00:00,0.85
2019-03-12 00:00:00,1.01
2019-03-11 00:00:00,0.82
2019-03-08 00:00:00,0.97
2019-03-07 00:00:00,1.12
2019-03-06 00:00:00,1.06
2019-03-05 00:00:00,0.89
2019-03-04 00:00:00,1.0
2019-03-01 00:00:00,0.91
2019-02-28 00:00:00,0.96
2019-02-27 00:00:00,0.93
2019-02-26 00:00:00,0.85
2019-02-25 00:00:00,0.78
2019-02-22 00:00:00,0.79
2019-02-21 00:00:00,0.93
2019-02-20 00:00:00,0.79
2019-02-19 00:00:00,0.86
2019-02-15 00:00:00,0.8
2019-02-14 00:00:00,0.92
2019-02-13 00:00:00,1.01
2019-02-12 00:00:00,0.78
2019-02-11 00:00:00,0.87
2019-02-08 00:00:00,1.04
2019-02-07 00:00:00,0.99
2019-02-06 00:00:00,0.97
2019-02-05 00:00:00,0.83
2019-02-04 00:00:00,0.84
2019-02-01 00:00:00,1.13
2019-01-31 00:00:00,0.84
2019-01-30 00:00:00,0.89
2019-01-29 00:00:00,0.89
2019-01-28 00:00:00,0.99
2019-01-25 00:00:00,0.75
2019-01-24 00:00:00,0.98
2019-01-23 00:00:00,1.16
2019-01-22 00:00:00,0.93
2019-01-18 00:00:00,0.84
2019-01-17 00:00:00,0.8
2019-01-16 00:00:00,1.08
2019-01-15 00:00:00,1.03
2019-01-14 00:00:00,1.04
2019-01-11 00:00:00,1.08
2019-01-10 00:00:00,1.13
2019-01-09 00:00:00,0.93
2019-01-08 00:00:00,0.97
2019-01-07 00:00:00,0.87
2019-01-04 00:00:00,0.91
2019-01-03 00:00:00,1.31
2019-01-02 00:00:00,1.03
2018-12-31 00:00:00,0.98
2018-12-28 00:00:00,0.78
2018-12-27 00:00:00,0.96
2018-12-26 00:00:00,1.06
2018-12-24 00:00:00,1.32
2018-12-21 00:00:00,1.43
2018-12-20 00:00:00,1.82
2018-12-19 00:00:00,1.28
2018-12-18 00:00:00,1.09
2018-12-17 00:00:00,1.37
2018-12-14 00:00:00,1.14
2018-12-13 00:00:00,1.16
2018-12-12 00:00:00,1.0
2018-12-11 00:00:00,0.97
2018-12-10 00:00:00,1.07
2018-12-07 00:00:00,1.17
2018-12-06 00:00:00,1.08
2018-12-04 00:00:00,0.95
2018-12-03 00:00:00,0.76
2018-11-30 00:00:00,0.76
2018-11-29 00:00:00,0.89
2018-11-28 00:00:00,0.84
2018-11-27 00:00:00,0.92
2018-11-26 00:00:00,0.96
2018-11-23 00:00:00,1.12
2018-11-21 00:00:00,1.08
2018-11-20 00:00:00,0.92
2018-11-19 00:00:00,0.97
2018-11-16 00:00:00,0.94
2018-11-15 00:00:00,0.85
2018-11-14 00:00:00,1.22
2018-11-13 00:00:00,0.98
2018-11-12 00:00:00,1.19
2018-11-09 00:00:00,1.11
2018-11-08 00:00:00,0.97
2018-11-07 00:00:00,0.96
2018-11-06 00:00:00,1.12
2018-11-05 00:00:00,1.02
2018-11-02 00:00:00,0.93
2018-11-01 00:00:00,0.85
2018-10-31 00:00:00,1.12
2018-10-30 00:00:00,1.18
2018-10-29 00:00:00,1.27
2018-10-26 00:00:00,1.32
2018-10-25 00:00:00,1.03
2018-10-24 00:00:00,1.29
2018-10-23 00:00:00,1.04
2018-10-22 00:00:00,1.07
2018-10-19 00:00:00,1.14
2018-10-18 00:00:00,1.3
2018-10-17 00:00:00,1.17
2018-10-16 00:00:00,1.03
2018-10-15 00:00:00,0.96
2018-10-12 00:00:00,1.16
2018-10-11 00:00:00,1.18
2018-10-10 00:00:00,1.22
2018-10-09 00:00:00,0.94
2018-10-08 00:00:00,1.17
2018-10-05 00:00:00,1.18
2018-10-04 00:00:00,1.07
2018-10-03 00:00:00,0.86
2018-10-02 00:00:00,0.8
2018-10-01 00:00:00,1.01
2018-09-28 00:00:00,1.06
2018-09-27 00:00:00,0.94
2018-09-26 00:00:00,0.87
2018-09-25 00:00:00,0.88
2018-09-24 00:00:00,0.98
2018-09-21 00:00:00,0.98
2018-09-20 00:00:00,0.89
2018-09-19 00:00:00,0.95
2018-09-18 00:00:00,0.83
2018-09-17 00:00:00,0.92
2018-09-14 00:00:00,0.83
2018-09-13 00:00:00,0.84
2018-09-12 00:00:00,0.82
2018-09-11 00:00:00,0.88
2018-09-10 00:00:00,1.15
2018-09-07 00:00:00,1.17
2018-09-06 00:00:00,1.05
2018-09-05 00:00:00,0.99
2018-09-04 00:00:00,0.85
2018-08-31 00:00:00,1.03
2018-08-30 00:00:00,0.82
2018-08-29 00:00:00,0.85
2018-08-28 00:00:00,0.81
2018-08-27 00:00:00,0.74
2018-08-24 00:00:00,0.92
2018-08-23 00:00:00,1.03
2018-08-22 00:00:00,0.96
2018-08-21 00:00:00,0.81
2018-08-20 00:00:00,0.79
2018-08-17 00:00:00,1.04
2018-08-16 00:00:00,0.94
2018-08-15 00:00:00,1.16
2018-08-14 00:00:00,0.91
2018-08-13 00:00:00,1.08
2018-08-10 00:00:00,1.2
2018-08-09 00:00:00,0.85
2018-08-08 00:00:00,0.95
2018-08-07 00:00:00,0.92
2018-08-06 00:00:00,0.9
2018-08-03 00:00:00,0.9
2018-08-02 00:00:00,0.97
2018-08-01 00:00:00,1.02
2018-07-31 00:00:00,1.0
2018-07-30 00:00:00,1.12
2018-07-27 00:00:00,1.05
2018-07-26 00:00:00,0.74
2018-07-25 00:00:00,0.82
2018-07-24 00:00:00,0.91
2018-07-23 00:00:00,0.85
2018-07-20 00:00:00,0.98
2018-07-19 00:00:00,0.9
2018-07-18 00:00:00,0.85
2018-07-17 00:00:00,0.95
2018-07-16 00:00:00,0.99
2018-07-13 00:00:00,0.98
2018-07-12 00:00:00,0.92
2018-07-11 00:00:00,1.02
2018-07-10 00:00:00,0.98
2018-07-09 00:00:00,0.92
2018-07-06 00:00:00,1.0
2018-07-05 00:00:00,0.91
2018-07-03 00:00:00,1.07
2018-07-02 00:00:00,1.06
2018-06-29 00:00:00,1.24
2018-06-28 00:00:00,1.32
2018-06-27 00:00:00,1.08
2018-06-26 00:00:00,0.91
2018-06-25 00:00:00,1.1
2018-06-22 00:00:00,0.86
2018-06-21 00:00:00,1.03
2018-06-20 00:00:00,0.89
2018-06-19 00:00:00,0.84
2018-06-18 00:00:00,1.03
2018-06-15 00:00:00,0.93
2018-06-14 00:00:00,0.93
2018-06-13 00:00:00,0.74
2018-06-12 00:00:00,0.72
2018-06-11 00:00:00,0.74
2018-06-08 00:00:00,0.95
2018-06-07 00:00:00,0.92
2018-06-06 00:00:00,0.83
2018-06-05 00:00:00,0.77
2018-06-04 00:00:00,0.81
2018-06-01 00:00:00,0.86
2018-05-31 00:00:00,1.13
2018-05-30 00:00:00,0.98
2018-05-29 00:00:00,1.09
2018-05-25 00:00:00,0.92
2018-05-24 00:00:00,0.87
2018-05-23 00:00:00,0.99
2018-05-22 00:00:00,0.83
2018-05-21 00:00:00,0.82
2018-05-18 00:00:00,1.03
2018-05-17 00:00:00,0.83
2018-05-16 00:00:00,0.89
2018-05-15 00:00:00,1.11
2018-05-14 00:00:00,0.88
2018-05-11 00:00:00,0.98
2018-05-10 00:00:00,0.81
2018-05-09 00:00:00,0.84
2018-05-08 00:00:00,0.83
2018-05-07 00:00:00,0.93
2018-05-04 00:00:00,0.96
2018-05-03 00:00:00,1.02
2018-05-02 00:00:00,0.93
2018-05-01 00:00:00,1.11
2018-04-30 00:00:00,0.92
2018-04-27 00:00:00,0.88
2018-04-26 00:00:00,0.82
2018-04-25 00:00:00,0.96
2018-04-24 00:00:00,1.04
2018-04-23 00:00:00,0.93
2018-04-20 00:00:00,0.98
2018-04-19 00:00:00,0.97
2018-04-18 00:00:00,0.96
2018-04-17 00:00:00,0.96
2018-04-16 00:00:00,0.94
2018-04-13 00:00:00,0.98
2018-04-12 00:00:00,0.99
2018-04-11 00:00:00,1.02
2018-04-10 00:00:00,0.85
2018-04-09 00:00:00,0.98
2018-04-06 00:00:00,1.03
2018-04-05 00:00:00,0.85
2018-04-04 00:00:00,0.98
2018-04-03 00:00:00,1.04
2018-04-02 00:00:00,1.28
2018-03-29 00:00:00,0.95
2018-03-28 00:00:00,1.34
2018-03-27 00:00:00,1.07
2018-03-26 00:00:00,1.18
2018-03-23 00:00:00,1.54
2018-03-22 00:00:00,1.22
2018-03-21 00:00:00,1.16
2018-03-20 00:00:00,0.84
2018-03-19 00:00:00,1.02
2018-03-16 00:00:00,0.96
2018-03-15 00:00:00,0.89
2018-03-14 00:00:00,1.05
2018-03-13 00:00:00,0.87
2018-03-12 00:00:00,0.87
2018-03-09 00:00:00,0.81
2018-03-08 00:00:00,0.9
2018-03-07 00:00:00,1.05
2018-03-06 00:00:00,0.93
2018-03-05 00:00:00,1.0
2018-03-02 00:00:00,1.16
2018-03-01 00:00:00,1.29
2018-02-28 00:00:00,1.08
2018-02-27 00:00:00,1.04
2018-02-26 00:00:00,0.93
2018-02-23 00:00:00,1.01
2018-02-22 00:00:00,1.12
2018-02-21 00:00:00,1.06
2018-02-20 00:00:00,0.86
2018-02-16 00:00:00,0.93
2018-02-15 00:00:00,0.92
2018-02-14 00:00:00,1.17
2018-02-13 00:00:00,0.96
2018-02-12 00:00:00,0.94
2018-02-09 00:00:00,1.31
2018-02-08 00:00:00,1.14
2018-02-07 00:00:00,0.91
2018-02-06 00:00:00,0.99
2018-02-05 00:00:00,0.92
2018-02-02 00:00:00,0.9
2018-02-01 00:00:00,0.91
2018-01-31 00:00:00,0.9
2018-01-30 00:00:00,0.95
2018-01-29 00:00:00,0.74
2018-01-26 00:00:00,0.79
2018-01-25 00:00:00,0.8
2018-01-24 00:00:00,0.84
2018-01-23 00:00:00,0.64
2018-01-22 00:00:00,0.89
2018-01-19 00:00:00,0.86
2018-01-18 00:00:00,0.83
2018-01-17 00:00:00,0.79
2018-01-16 00:00:00,0.69
2018-01-12 00:00:00,0.74
2018-01-11 00:00:00,0.72
2018-01-10 00:00:00,0.72
2018-01-09 00:00:00,0.81
2018-01-08 00:00:00,0.65
2018-01-05 00:00:00,0.92
2018-01-04 00:00:00,0.82
2018-01-03 00:00:00,0.85
2018-01-02 00:00:00,0.88
2017-12-29 00:00:00,1.11
2017-12-28 00:00:00,1.13
2017-12-27 00:00:00,0.95
2017-12-26 00:00:00,0.99
2017-12-22 00:00:00,0.95
2017-12-21 00:00:00,0.84
2017-12-20 00:00:00,0.8
2017-12-19 00:00:00,0.87
2017-12-18 00:00:00,0.69
2017-12-15 00:00:00,0.97
2017-12-14 00:00:00,0.8
2017-12-13 00:00:00,0.75
2017-12-12 00:00:00,0.85
2017-12-11 00:00:00,0.82
2017-12-08 00:00:00,0.94
2017-12-07 00:00:00,0.84
2017-12-06 00:00:00,0.81
2017-12-05 00:00:00,0.83
2017-12-04 00:00:00,0.84
2017-12-01 00:00:00,0.78
2017-11-30 00:00:00,0.85
2017-11-29 00:00:00,0.71
2017-11-28 00:00:00,0.68
2017-11-27 00:00:00,0.72
2017-11-24 00:00:00,0.87
2017-11-22 00:00:00,0.93
2017-11-21 00:00:00,0.85
2017-11-20 00:00:00,0.92
2017-11-17 00:00:00,0.8
2017-11-16 00:00:00,0.95
2017-11-15 00:00:00,1.04
2017-11-14 00:00:00,0.9
2017-11-13 00:00:00,0.9
2017-11-10 00:00:00,1.18
2017-11-09 00:00:00,1.1
2017-11-08 00:00:00,0.97
2017-11-07 00:00:00,1.02
2017-11-06 00:00:00,0.92
2017-11-03 00:00:00,0.94
2017-11-02 00:00:00,0.87
2017-11-01 00:00:00,0.95
2017-10-31 00:00:00,0.87
2017-10-30 00:00:00,0.94
2017-10-27 00:00:00,0.88
2017-10-26 00:00:00,0.87
2017-10-25 00:00:00,1.16
2017-10-24 00:00:00,0.78
2017-10-23 00:00:00,0.98
2017-10-20 00:00:00,0.81
2017-10-19 00:00:00,0.97
2017-10-18 00:00:00,0.95
2017-10-17 00:00:00,0.82
2017-10-16 00:00:00,1.17
2017-10-13 00:00:00,0.85
2017-10-12 00:00:00,1.05
2017-10-11 00:00:00,0.9
2017-10-10 00:00:00,0.73
2017-10-09 00:00:00,0.98
2017-10-06 00:00:00,0.87
2017-10-05 00:00:00,0.84
2017-10-04 00:00:00,0.83
2017-10-03 00:00:00,0.72
2017-10-02 00:00:00,0.93
2017-09-29 00:00:00,1.05
2017-09-28 00:00:00,0.73
2017-09-27 00:00:00,0.83
2017-09-26 00:00:00,0.94
2017-09-25 00:00:00,0.7
2017-09-22 00:00:00,0.98
2017-09-21 00:00:00,0.84
2017-09-20 00:00:00,0.88
2017-09-19 00:00:00,0.76
2017-09-18 00:00:00,0.92
2017-09-15 00:00:00,1.08
2017-09-14 00:00:00,0.79
2017-09-13 00:00:00,0.81
2017-09-12 00:00:00,0.84
2017-09-11 00:00:00,0.93
2017-09-08 00:00:00,1.09
2017-09-07 00:00:00,1.13
2017-09-06 00:00:00,0.95
2017-09-05 00:00:00,1.17
2017-09-01 00:00:00,0.83
2017-08-31 00:00:00,1.06
2017-08-30 00:00:00,0.83
2017-08-29 00:00:00,0.77
2017-08-28 00:00:00,0.93
2017-08-25 00:00:00,1.0
2017-08-24 00:00:00,1.09
2017-08-23 00:00:00,0.94
2017-08-22 00:00:00,1.02
2017-08-21 00:00:00,0.99
2017-08-18 00:00:00,1.11
2017-08-17 00:00:00,1.07
2017-08-16 00:00:00,0.96
2017-08-15 00:00:00,0.95
2017-08-14 00:00:00,0.85
2017-08-11 00:00:00,0.97
2017-08-10 00:00:00,0.93
2017-08-09 00:00:00,1.06
2017-08-08 00:00:00,0.93
2017-08-07 00:00:00,0.93
2017-08-04 00:00:00,1.0
2017-08-03 00:00:00,1.01
2017-08-02 00:00:00,0.97
2017-08-01 00:00:00,0.88
2017-07-31 00:00:00,0.92
2017-07-28 00:00:00,0.83
2017-07-27 00:00:00,0.94
2017-07-26 00:00:00,0.74
2017-07-25 00:00:00,0.8
2017-07-24 00:00:00,0.82
2017-07-21 00:00:00,0.74
2017-07-20 00:00:00,0.74
2017-07-19 00:00:00,0.77
2017-07-18 00:00:00,0.87
2017-07-17 00:00:00,0.99
2017-07-14 00:00:00,0.84
2017-07-13 00:00:00,0.87
2017-07-12 00:00:00,0.71
2017-07-11 00:00:00,1.06
2017-07-10 00:00:00,0.91
2017-07-07 00:00:00,0.93
2017-07-06 00:00:00,1.12
2017-07-05 00:00:00,0.92
2017-07-03 00:00:00,0.96
2017-06-30 00:00:00,1.13
2017-06-29 00:00:00,0.98
2017-06-28 00:00:00,0.95
2017-06-27 00:00:00,0.77
2017-06-26 00:00:00,0.81
2017-06-23 00:00:00,0.96
2017-06-22 00:00:00,0.8
2017-06-21 00:00:00,0.89
2017-06-20 00:00:00,0.83
2017-06-19 00:00:00,0.8
2017-06-16 00:00:00,1.09
2017-06-15 00:00:00,0.98
2017-06-14 00:00:00,0.84
2017-06-13 00:00:00,0.97
2017-06-12 00:00:00,0.96
2017-06-09 00:00:00,1.06
2017-06-08 00:00:00,0.7
2017-06-07 00:00:00,0.9
2017-06-06 00:00:00,0.77
2017-06-05 00:00:00,0.74
2017-06-02 00:00:00,0.82
2017-06-01 00:00:00,1.0
2017-05-31 00:00:00,1.01
2017-05-30 00:00:00,0.94
2017-05-26 00:00:00,0.91
2017-05-25 00:00:00,0.86
2017-05-24 00:00:00,0.93
2017-05-23 00:00:00,0.9
2017-05-22 00:00:00,0.86
2017-05-19 00:00:00,0.99
2017-05-18 00:00:00,1.13
2017-05-17 00:00:00,1.09
2017-05-16 00:00:00,0.79
2017-05-15 00:00:00,0.75
2017-05-12 00:00:00,0.85
2017-05-11 00:00:00,0.91
2017-05-10 00:00:00,0.94
2017-05-09 00:00:00,0.74
2017-05-08 00:00:00,0.85
2017-05-05 00:00:00,1.0
2017-05-04 00:00:00,0.91
2017-05-03 00:00:00,1.09
2017-05-02 00:00:00,0.75
2017-05-01 00:00:00,0.85
2017-04-28 00:00:00,0.96
2017-04-27 00:00:00,0.92
2017-04-26 00:00:00,0.79
2017-04-25 00:00:00,0.83
2017-04-24 00:00:00,1.05
2017-04-21 00:00:00,1.04
2017-04-20 00:00:00,0.9
2017-04-19 00:00:00,0.74
2017-04-18 00:00:00,0.65
2017-04-17 00:00:00,0.85
2017-04-13 00:00:00,0.98
2017-04-12 00:00:00,0.95
2017-04-11 00:00:00,0.91
2017-04-10 00:00:00,1.05
2017-04-07 00:00:00,0.95
2017-04-06 00:00:00,0.9
2017-04-05 00:00:00,0.92
2017-04-04 00:00:00,1.12
2017-04-03 00:00:00,0.98
2017-03-31 00:00:00,1.19
2017-03-30 00:00:00,0.94
2017-03-29 00:00:00,0.83
2017-03-28 00:00:00,0.87
2017-03-27 00:00:00,1.09
2017-03-24 00:00:00,1.21
2017-03-23 00:00:00,1.13
2017-03-22 00:00:00,0.99
2017-03-21 00:00:00,1.01
2017-03-20 00:00:00,1.06
2017-03-17 00:00:00,0.96
2017-03-16 00:00:00,0.91
2017-03-15 00:00:00,0.71
2017-03-14 00:00:00,0.93
2017-03-13 00:00:00,0.94
2017-03-10 00:00:00,0.88
2017-03-09 00:00:00,1.12
2017-03-08 00:00:00,0.98
2017-03-07 00:00:00,0.84
2017-03-06 00:00:00,0.9
2017-03-03 00:00:00,0.94
2017-03-02 00:00:00,1.02
2017-03-01 00:00:00,0.87
2017-02-28 00:00:00,1.19
2017-02-27 00:00:00,0.83
2017-02-24 00:00:00,0.83
2017-02-23 00:00:00,0.83
2017-02-22 00:00:00,0.89
2017-02-21 00:00:00,0.82
2017-02-17 00:00:00,0.93
2017-02-16 00:00:00,0.89
2017-02-15 00:00:00,0.84
2017-02-14 00:00:00,0.7
2017-02-13 00:00:00,0.66
2017-02-10 00:00:00,0.98
2017-02-09 00:00:00,0.93
2017-02-08 00:00:00,0.97
2017-02-07 00:00:00,1.1
2017-02-06 00:00:00,1.05
2017-02-03 00:00:00,0.76
2017-02-02 00:00:00,0.86
2017-02-01 00:00:00,0.91
2017-01-31 00:00:00,1.03
2017-01-30 00:00:00,1.1
2017-01-27 00:00:00,1.0
2017-01-26 00:00:00,0.87
2017-01-25 00:00:00,0.72
2017-01-24 00:00:00,0.76
2017-01-23 00:00:00,0.95
2017-01-20 00:00:00,1.0
2017-01-19 00:00:00,0.94
2017-01-18 00:00:00,1.07
2017-01-17 00:00:00,0.95
2017-01-13 00:00:00,0.92
2017-01-12 00:00:00,1.07
2017-01-11 00:00:00,0.84
2017-01-10 00:00:00,0.89
2017-01-09 00:00:00,1.0
2017-01-06 00:00:00,0.97
2017-01-05 00:00:00,1.16
2017-01-04 00:00:00,0.87
2017-01-03 00:00:00,0.98
2016-12-30 00:00:00,1.09
2016-12-29 00:00:00,0.94
2016-12-28 00:00:00,0.91
2016-12-27 00:00:00,1.02
2016-12-23 00:00:00,0.86
2016-12-22 00:00:00,0.89
2016-12-21 00:00:00,0.92
2016-12-20 00:00:00,0.94
2016-12-19 00:00:00,1.17
2016-12-16 00:00:00,0.91
2016-12-15 00:00:00,0.85
2016-12-14 00:00:00,0.9
2016-12-13 00:00:00,0.6
2016-12-12 00:00:00,0.8
2016-12-09 00:00:00,0.82
2016-12-08 00:00:00,0.75
2016-12-07 00:00:00,0.84
2016-12-06 00:00:00,0.83
2016-12-05 00:00:00,0.86
2016-12-02 00:00:00,0.92
2016-12-01 00:00:00,0.95
2016-11-30 00:00:00,0.9
2016-11-29 00:00:00,0.96
2016-11-28 00:00:00,0.92
2016-11-25 00:00:00,0.8
2016-11-23 00:00:00,0.96
2016-11-22 00:00:00,1.0
2016-11-21 00:00:00,0.84
2016-11-18 00:00:00,0.94
2016-11-17 00:00:00,0.87
2016-11-16 00:00:00,1.02
2016-11-15 00:00:00,0.91
2016-11-14 00:00:00,0.91
2016-11-11 00:00:00,1.07
2016-11-10 00:00:00,0.89
2016-11-09 00:00:00,1.07
2016-11-08 00:00:00,1.48
2016-11-07 00:00:00,1.22
2016-11-04 00:00:00,1.37
2016-11-03 00:00:00,1.19
2016-11-02 00:00:00,1.31
2016-11-01 00:00:00,1.43
2016-10-31 00:00:00,1.06
2016-10-28 00:00:00,1.11
2016-10-27 00:00:00,0.84
2016-10-26 00:00:00,0.9
2016-10-25 00:00:00,0.97
2016-10-24 00:00:00,0.93
2016-10-21 00:00:00,0.97
2016-10-20 00:00:00,0.99
2016-10-19 00:00:00,0.95
2016-10-18 00:00:00,0.97
2016-10-17 00:00:00,0.97
2016-10-14 00:00:00,0.94
2016-10-13 00:00:00,0.97
2016-10-12 00:00:00,1.06
2016-10-11 00:00:00,1.12
2016-10-10 00:00:00,0.93
2016-10-07 00:00:00,1.18
2016-10-06 00:00:00,1.0
2016-10-05 00:00:00,0.77
2016-10-04 00:00:00,0.9
2016-10-03 00:00:00,1.06
2016-09-30 00:00:00,1.01
2016-09-29 00:00:00,1.04
2016-09-28 00:00:00,0.9
2016-09-27 00:00:00,0.99
2016-09-26 00:00:00,1.15
2016-09-23 00:00:00,1.05
2016-09-22 00:00:00,0.97
2016-09-21 00:00:00,1.0
2016-09-20 00:00:00,0.98
2016-09-19 00:00:00,0.79
2016-09-16 00:00:00,1.0
2016-09-15 00:00:00,0.84
2016-09-14 00:00:00,1.09
2016-09-13 00:00:00,0.98
2016-09-12 00:00:00,1.0
2016-09-09 00:00:00,1.18
2016-09-08 00:00:00,0.97
2016-09-07 00:00:00,0.89
2016-09-06 00:00:00,0.87
2016-09-02 00:00:00,0.96
2016-09-01 00:00:00,1.01
2016-08-31 00:00:00,1.2
2016-08-30 00:00:00,0.97
2016-08-29 00:00:00,0.93
2016-08-26 00:00:00,1.04
2016-08-25 00:00:00,1.15
2016-08-24 00:00:00,0.93
2016-08-23 00:00:00,0.86
2016-08-22 00:00:00,0.9
2016-08-19 00:00:00,0.84
2016-08-18 00:00:00,0.86
2016-08-17 00:00:00,0.9
2016-08-16 00:00:00,1.03
2016-08-15 00:00:00,0.78
2016-08-12 00:00:00,0.76
2016-08-11 00:00:00,0.95
2016-08-10 00:00:00,0.87
2016-08-09 00:00:00,0.91
2016-08-08 00:00:00,0.98
2016-08-05 00:00:00,0.92
2016-08-04 00:00:00,0.93
2016-08-03 00:00:00,0.94
2016-08-02 00:00:00,1.15
2016-08-01 00:00:00,1.35
2016-07-29 00:00:00,1.2
2016-07-28 00:00:00,0.9
2016-07-27 00:00:00,0.92
2016-07-26 00:00:00,0.92
2016-07-25 00:00:00,0.91
2016-07-22 00:00:00,0.82
2016-07-21 00:00:00,0.95
2016-07-20 00:00:00,0.79
2016-07-19 00:00:00,0.92
2016-07-18 00:00:00,0.92
2016-07-15 00:00:00,0.85
2016-07-14 00:00:00,0.62
2016-07-13 00:00:00,0.89
2016-07-12 00:00:00,0.79
2016-07-11 00:00:00,0.76
2016-07-08 00:00:00,0.73
2016-07-07 00:00:00,0.86
2016-07-06 00:00:00,1.01
2016-07-05 00:00:00,1.24
2016-07-01 00:00:00,0.92
2016-06-30 00:00:00,1.23
2016-06-29 00:00:00,1.17
2016-06-28 00:00:00,1.14
2016-06-27 00:00:00,1.29
2016-06-24 00:00:00,1.24
2016-06-23 00:00:00,1.28
2016-06-22 00:00:00,1.04
2016-06-21 00:00:00,1.01
2016-06-20 00:00:00,0.99
2016-06-17 00:00:00,1.11
2016-06-16 00:00:00,1.39
2016-06-15 00:00:00,1.17
2016-06-14 00:00:00,1.03
2016-06-13 00:00:00,0.92
2016-06-10 00:00:00,1.09
2016-06-09 00:00:00,0.94
2016-06-08 00:00:00,0.86
2016-06-07 00:00:00,0.85
2016-06-06 00:00:00,0.74
2016-06-03 00:00:00,0.88
2016-06-02 00:00:00,0.91
2016-06-01 00:00:00,1.04
2016-05-31 00:00:00,0.93
2016-05-27 00:00:00,0.9
2016-05-26 00:00:00,0.93
2016-05-25 00:00:00,0.97
2016-05-24 00:00:00,1.01
2016-05-23 00:00:00,1.01
2016-05-20 00:00:00,1.04
2016-05-19 00:00:00,1.37
2016-05-18 00:00:00,1.02
2016-05-17 00:00:00,1.21
2016-05-16 00:00:00,0.77
2016-05-13 00:00:00,1.15
2016-05-12 00:00:00,1.28
2016-05-11 00:00:00,0.93
2016-05-10 00:00:00,1.07
2016-05-09 00:00:00,1.14
2016-05-06 00:00:00,1.19
2016-05-05 00:00:00,1.2
2016-05-04 00:00:00,1.09
2016-05-03 00:00:00,1.1
2016-05-02 00:00:00,1.08
2016-04-29 00:00:00,1.16
2016-04-28 00:00:00,1.0
2016-04-27 00:00:00,1.02
2016-04-26 00:00:00,0.8
2016-04-25 00:00:00,0.76
2016-04-22 00:00:00,0.98
2016-04-21 00:00:00,1.17
2016-04-20 00:00:00,0.88
2016-04-19 00:00:00,0.62
2016-04-18 00:00:00,0.98
2016-04-15 00:00:00,0.8
2016-04-14 00:00:00,0.86
2016-04-13 00:00:00,0.61
2016-04-12 00:00:00,0.93
2016-04-11 00:00:00,0.87
2016-04-08 00:00:00,1.0
2016-04-07 00:00:00,1.02
2016-04-06 00:00:00,0.99
2016-04-05 00:00:00,1.13
2016-04-04 00:00:00,0.97
2016-04-01 00:00:00,0.96
2016-03-31 00:00:00,1.15
2016-03-30 00:00:00,1.13
2016-03-29 00:00:00,0.97
2016-03-28 00:00:00,0.78
2016-03-24 00:00:00,1.06
2016-03-23 00:00:00,1.04
2016-03-22 00:00:00,1.07
2016-03-21 00:00:00,0.89
2016-03-18 00:00:00,0.78
2016-03-17 00:00:00,0.68
2016-03-16 00:00:00,0.9
2016-03-15 00:00:00,0.9
2016-03-14 00:00:00,0.91
2016-03-11 00:00:00,1.01
2016-03-10 00:00:00,0.99
2016-03-09 00:00:00,0.92
2016-03-08 00:00:00,0.98
2016-03-07 00:00:00,0.85
2016-03-04 00:00:00,0.84
2016-03-03 00:00:00,0.77
2016-03-02 00:00:00,0.8
2016-03-01 00:00:00,0.89
2016-02-29 00:00:00,1.21
2016-02-26 00:00:00,1.0
2016-02-25 00:00:00,0.93
2016-02-24 00:00:00,1.05
2016-02-23 00:00:00,1.12
2016-02-22 00:00:00,0.94
2016-02-19 00:00:00,1.06
2016-02-18 00:00:00,1.07
2016-02-17 00:00:00,1.12
2016-02-16 00:00:00,0.95
2016-02-12 00:00:00,0.92
2016-02-11 00:00:00,0.96
2016-02-10 00:00:00,1.09
2016-02-09 00:00:00,0.92
2016-02-08 00:00:00,1.16
2016-02-05 00:00:00,0.97
2016-02-04 00:00:00,0.94
2016-02-03 00:00:00,0.85
2016-02-02 00:00:00,1.03
2016-02-01 00:00:00,1.02
2016-01-29 00:00:00,0.91
2016-01-28 00:00:00,0.87
2016-01-27 00:00:00,0.95
2016-01-26 00:00:00,0.88
2016-01-25 00:00:00,1.03
2016-01-22 00:00:00,1.11
2016-01-21 00:00:00,1.1
2016-01-20 00:00:00,1.18
2016-01-19 00:00:00,0.9
2016-01-15 00:00:00,1.52
2016-01-14 00:00:00,1.02
2016-01-13 00:00:00,1.2
2016-01-12 00:00:00,1.02
2016-01-11 00:00:00,1.13
2016-01-08 00:00:00,1.34
2016-01-07 00:00:00,1.38
2016-01-06 00:00:00,1.03
2016-01-05 00:00:00,1.0
2016-01-04 00:00:00,1.08
2015-12-31 00:00:00,1.04
2015-12-30 00:00:00,1.0
2015-12-29 00:00:00,0.82
2015-12-28 00:00:00,1.31
2015-12-24 00:00:00,0.92
2015-12-23 00:00:00,0.84
2015-12-22 00:00:00,0.92
2015-12-21 00:00:00,0.84
2015-12-18 00:00:00,1.03
2015-12-17 00:00:00,0.98
2015-12-16 00:00:00,0.75
2015-12-15 00:00:00,0.88
2015-12-14 00:00:00,0.91
2015-12-11 00:00:00,1.08
2015-12-10 00:00:00,1.25
2015-12-09 00:00:00,0.93
2015-12-08 00:00:00,1.08
2015-12-07 00:00:00,1.01
2015-12-04 00:00:00,0.9
2015-12-03 00:00:00,1.12
2015-12-02 00:00:00,1.04
2015-12-01 00:00:00,1.07
2015-11-30 00:00:00,1.17
2015-11-27 00:00:00,1.12
2015-11-25 00:00:00,1.04
2015-11-24 00:00:00,1.06
2015-11-23 00:00:00,1.03
2015-11-20 00:00:00,0.94
2015-11-19 00:00:00,0.95
2015-11-18 00:00:00,1.02
2015-11-17 00:00:00,0.88
2015-11-16 00:00:00,0.88
2015-11-13 00:00:00,1.16
2015-11-12 00:00:00,1.22
2015-11-11 00:00:00,0.88
2015-11-10 00:00:00,1.0
2015-11-09 00:00:00,1.1
2015-11-06 00:00:00,1.04
2015-11-05 00:00:00,1.06
2015-11-04 00:00:00,1.0
2015-11-03 00:00:00,0.95
2015-11-02 00:00:00,0.88
2015-10-30 00:00:00,0.95
2015-10-29 00:00:00,0.86
2015-10-28 00:00:00,0.77
2015-10-27 00:00:00,0.99
2015-10-26 00:00:00,0.95
2015-10-23 00:00:00,0.77
2015-10-22 00:00:00,0.91
2015-10-21 00:00:00,0.96
2015-10-20 00:00:00,0.99
2015-10-19 00:00:00,0.89
2015-10-16 00:00:00,0.87
2015-10-15 00:00:00,1.11
2015-10-14 00:00:00,0.96
2015-10-13 00:00:00,0.9
2015-10-12 00:00:00,0.94
2015-10-09 00:00:00,0.87
2015-10-08 00:00:00,0.93
2015-10-07 00:00:00,1.09
2015-10-06 00:00:00,0.93
2015-10-05 00:00:00,1.01
2015-10-02 00:00:00,1.09
2015-10-01 00:00:00,0.97
2015-09-30 00:00:00,0.84
2015-09-29 00:00:00,1.37
2015-09-28 00:00:00,1.44
2015-09-25 00:00:00,1.3
2015-09-24 00:00:00,1.03
2015-09-23 00:00:00,1.05
2015-09-22 00:00:00,1.16
2015-09-21 00:00:00,1.0
2015-09-18 00:00:00,1.14
2015-09-17 00:00:00,0.92
2015-09-16 00:00:00,1.2
2015-09-15 00:00:00,1.17
2015-09-14 00:00:00,1.03
2015-09-11 00:00:00,1.21
2015-09-10 00:00:00,1.19
2015-09-09 00:00:00,1.03
2015-09-08 00:00:00,0.93
2015-09-04 00:00:00,1.48
2015-09-03 00:00:00,1.12
2015-09-02 00:00:00,1.31
2015-09-01 00:00:00,1.24
2015-08-31 00:00:00,1.19
2015-08-28 00:00:00,1.28
2015-08-27 00:00:00,1.2
2015-08-26 00:00:00,1.04
2015-08-25 00:00:00,1.25
2015-08-24 00:00:00,1.28
2015-08-21 00:00:00,1.69
2015-08-20 00:00:00,1.33
2015-08-19 00:00:00,1.11
2015-08-18 00:00:00,0.94
2015-08-17 00:00:00,0.89
2015-08-14 00:00:00,1.01
2015-08-13 00:00:00,0.96
2015-08-12 00:00:00,1.04
2015-08-11 00:00:00,1.1
2015-08-10 00:00:00,0.56
2015-08-07 00:00:00,1.23
2015-08-06 00:00:00,1.3
2015-08-05 00:00:00,0.98
2015-08-04 00:00:00,0.93
2015-08-03 00:00:00,0.97
2015-07-31 00:00:00,1.11
2015-07-30 00:00:00,0.76
2015-07-29 00:00:00,0.9
2015-07-28 00:00:00,0.93
2015-07-27 00:00:00,1.22
2015-07-24 00:00:00,1.41
2015-07-23 00:00:00,1.03
2015-07-22 00:00:00,0.85
2015-07-21 00:00:00,0.91
2015-07-20 00:00:00,0.91
2015-07-17 00:00:00,0.85
2015-07-16 00:00:00,0.88
2015-07-15 00:00:00,0.97
2015-07-14 00:00:00,0.97
2015-07-13 00:00:00,0.57
2015-07-10 00:00:00,1.02
2015-07-09 00:00:00,1.16
2015-07-08 00:00:00,1.45
2015-07-07 00:00:00,1.24
2015-07-06 00:00:00,1.15
2015-07-02 00:00:00,1.0
2015-07-01 00:00:00,1.15
2015-06-30 00:00:00,1.1
2015-06-29 00:00:00,1.38
2015-06-26 00:00:00,1.06
2015-06-25 00:00:00,1.08
2015-06-24 00:00:00,0.9
2015-06-23 00:00:00,0.97
2015-06-22 00:00:00,0.89
2015-06-19 00:00:00,0.93
2015-06-18 00:00:00,0.89
2015-06-17 00:00:00,0.85
2015-06-16 00:00:00,0.75
2015-06-15 00:00:00,0.89
2015-06-12 00:00:00,1.06
2015-06-11 00:00:00,0.84
2015-06-10 00:00:00,0.62
2015-06-09 00:00:00,0.9
2015-06-08 00:00:00,1.01
2015-06-05 00:00:00,1.04
2015-06-04 00:00:00,1.16
2015-06-03 00:00:00,0.91
2015-06-02 00:00:00,0.94
2015-06-01 00:00:00,0.85
2015-05-29 00:00:00,1.16
2015-05-28 00:00:00,1.08
2015-05-27 00:00:00,1.07
2015-05-26 00:00:00,1.14
2015-05-22 00:00:00,0.89
2015-05-21 00:00:00,0.93
2015-05-20 00:00:00,0.85
2015-05-19 00:00:00,1.03
2015-05-18 00:00:00,0.97
2015-05-15 00:00:00,0.83
2015-05-14 00:00:00,0.79
2015-05-13 00:00:00,0.86
2015-05-12 00:00:00,1.06
2015-05-11 00:00:00,0.56
2015-05-08 00:00:00,0.86
2015-05-07 00:00:00,0.94
2015-05-06 00:00:00,1.02
2015-05-05 00:00:00,1.24
2015-05-04 00:00:00,0.95
2015-05-01 00:00:00,0.97
2015-04-30 00:00:00,1.05
2015-04-29 00:00:00,0.94
2015-04-28 00:00:00,0.91
2015-04-27 00:00:00,0.88
2015-04-24 00:00:00,0.76
2015-04-23 00:00:00,1.03
2015-04-22 00:00:00,0.94
2015-04-21 00:00:00,0.9
2015-04-20 00:00:00,0.79
2015-04-17 00:00:00,1.12
2015-04-16 00:00:00,0.86
2015-04-15 00:00:00,0.78
2015-04-14 00:00:00,1.08
2015-04-13 00:00:00,0.89
2015-04-10 00:00:00,0.85
2015-04-09 00:00:00,1.04
2015-04-08 00:00:00,0.95
2015-04-07 00:00:00,1.0
2015-04-06 00:00:00,0.87
2015-04-02 00:00:00,1.12
2015-04-01 00:00:00,1.14
2015-03-31 00:00:00,1.08
2015-03-30 00:00:00,0.93
2015-03-27 00:00:00,1.07
2015-03-26 00:00:00,0.97
2015-03-25 00:00:00,1.08
2015-03-24 00:00:00,1.04
2015-03-23 00:00:00,0.88
2015-03-20 00:00:00,0.81
2015-03-19 00:00:00,0.89
2015-03-18 00:00:00,0.98
2015-03-17 00:00:00,0.95
2015-03-16 00:00:00,1.02
2015-03-13 00:00:00,1.21
2015-03-12 00:00:00,1.05
2015-03-11 00:00:00,1.11
2015-03-10 00:00:00,1.09
2015-03-09 00:00:00,1.11
2015-03-06 00:00:00,1.28
2015-03-05 00:00:00,0.95
2015-03-04 00:00:00,0.91
2015-03-03 00:00:00,0.98
2015-03-02 00:00:00,1.02
2015-02-27 00:00:00,1.02
2015-02-26 00:00:00,1.02
2015-02-25 00:00:00,1.0
2015-02-24 00:00:00,1.0
2015-02-23 00:00:00,0.87
2015-02-20 00:00:00,0.79
2015-02-19 00:00:00,0.89
2015-02-18 00:00:00,0.96
2015-02-17 00:00:00,0.95
2015-02-13 00:00:00,0.97
2015-02-12 00:00:00,0.87
2015-02-11 00:00:00,0.96
2015-02-10 00:00:00,0.97
2015-02-09 00:00:00,1.07
2015-02-06 00:00:00,1.02
2015-02-05 00:00:00,0.96
2015-02-04 00:00:00,0.95
2015-02-03 00:00:00,0.95
2015-02-02 00:00:00,1.06
2015-01-30 00:00:00,1.14
2015-01-29 00:00:00,1.15
2015-01-28 00:00:00,0.97
2015-01-27 00:00:00,1.09
2015-01-26 00:00:00,0.9
2015-01-23 00:00:00,1.28
2015-01-22 00:00:00,0.98
2015-01-21 00:00:00,1.07
2015-01-20 00:00:00,0.8
2015-01-16 00:00:00,0.91
2015-01-15 00:00:00,1.03
2015-01-14 00:00:00,1.16
2015-01-13 00:00:00,0.9
2015-01-12 00:00:00,1.06
2015-01-09 00:00:00,0.99
2015-01-08 00:00:00,0.85
2015-01-07 00:00:00,0.97
2015-01-06 00:00:00,1.11
2015-01-05 00:00:00,1.23
2015-01-02 00:00:00,1.22
2014-12-31 00:00:00,0.94
2014-12-30 00:00:00,0.99
2014-12-29 00:00:00,0.85
2014-12-26 00:00:00,0.73
2014-12-24 00:00:00,0.89
2014-12-23 00:00:00,0.86
2014-12-22 00:00:00,0.75
2014-12-19 00:00:00,0.88
2014-12-18 00:00:00,0.78
2014-12-17 00:00:00,1.24
2014-12-16 00:00:00,0.98
2014-12-15 00:00:00,1.05
2014-12-12 00:00:00,1.13
2014-12-11 00:00:00,0.99
2014-12-10 00:00:00,0.96
2014-12-09 00:00:00,1.05
2014-12-08 00:00:00,1.04
2014-12-05 00:00:00,1.03
2014-12-04 00:00:00,1.06
2014-12-03 00:00:00,0.78
2014-12-02 00:00:00,1.13
2014-12-01 00:00:00,0.99
2014-11-28 00:00:00,1.09
2014-11-26 00:00:00,0.84
2014-11-25 00:00:00,0.98
2014-11-24 00:00:00,0.79
2014-11-21 00:00:00,0.75
2014-11-20 00:00:00,0.96
2014-11-19 00:00:00,0.93
2014-11-18 00:00:00,0.88
2014-11-17 00:00:00,0.84
2014-11-14 00:00:00,0.92
2014-11-13 00:00:00,0.95
2014-11-12 00:00:00,0.81
2014-11-11 00:00:00,0.99
2014-11-10 00:00:00,1.05
2014-11-07 00:00:00,0.95
2014-11-06 00:00:00,0.91
2014-11-05 00:00:00,0.89
2014-11-04 00:00:00,0.89
2014-11-03 00:00:00,0.84
2014-10-31 00:00:00,0.77
2014-10-30 00:00:00,0.96
2014-10-29 00:00:00,1.03
2014-10-28 00:00:00,1.0
2014-10-27 00:00:00,0.97
2014-10-24 00:00:00,0.9
2014-10-23 00:00:00,0.82
2014-10-22 00:00:00,1.14
2014-10-21 00:00:00,1.03
2014-10-20 00:00:00,0.88
2014-10-17 00:00:00,1.2
2014-10-16 00:00:00,1.01
2014-10-15 00:00:00,1.3
2014-10-14 00:00:00,1.05
2014-10-13 00:00:00,1.53
2014-10-10 00:00:00,1.2
2014-10-09 00:00:00,0.97
2014-10-08 00:00:00,0.99
2014-10-07 00:00:00,0.99
2014-10-06 00:00:00,0.99
2014-10-03 00:00:00,0.92
2014-10-02 00:00:00,1.02
2014-10-01 00:00:00,1.29
2014-09-30 00:00:00,1.13
2014-09-29 00:00:00,0.89
2014-09-26 00:00:00,1.13
2014-09-25 00:00:00,1.15
2014-09-24 00:00:00,0.88
2014-09-23 00:00:00,1.01
2014-09-22 00:00:00,1.05
2014-09-19 00:00:00,0.83
2014-09-18 00:00:00,0.91
2014-09-17 00:00:00,0.96
2014-09-16 00:00:00,0.89
2014-09-15 00:00:00,0.86
2014-09-12 00:00:00,0.89
2014-09-11 00:00:00,1.01
2014-09-10 00:00:00,0.94
2014-09-09 00:00:00,0.89
2014-09-08 00:00:00,0.88
2014-09-05 00:00:00,1.03
2014-09-04 00:00:00,0.97
2014-09-03 00:00:00,1.0
2014-09-02 00:00:00,0.82
2014-08-29 00:00:00,0.96
2014-08-28 00:00:00,1.3
2014-08-27 00:00:00,0.88
2014-08-26 00:00:00,0.8
2014-08-25 00:00:00,0.89
2014-08-22 00:00:00,0.93
2014-08-21 00:00:00,0.72
2014-08-20 00:00:00,0.86
2014-08-19 00:00:00,0.9
2014-08-18 00:00:00,0.88
2014-08-15 00:00:00,1.01
2014-08-14 00:00:00,0.92
2014-08-13 00:00:00,0.94
2014-08-12 00:00:00,1.08
2014-08-11 00:00:00,0.74
2014-08-08 00:00:00,1.09
2014-08-07 00:00:00,1.0
2014-08-06 00:00:00,1.13
2014-08-05 00:00:00,1.18
2014-08-04 00:00:00,1.16
2014-08-01 00:00:00,1.24
2014-07-31 00:00:00,0.99
2014-07-30 00:00:00,0.96
2014-07-29 00:00:00,0.86
2014-07-28 00:00:00,0.91
2014-07-25 00:00:00,0.95
2014-07-24 00:00:00,0.91
2014-07-23 00:00:00,0.76
2014-07-22 00:00:00,0.92
2014-07-21 00:00:00,0.9
2014-07-18 00:00:00,0.91
2014-07-17 00:00:00,1.0
2014-07-16 00:00:00,0.8
2014-07-15 00:00:00,0.81
2014-07-14 00:00:00,0.88
2014-07-11 00:00:00,0.89
2014-07-10 00:00:00,1.06
2014-07-09 00:00:00,0.84
2014-07-08 00:00:00,0.9
2014-07-07 00:00:00,1.0
2014-07-03 00:00:00,1.02
2014-07-02 00:00:00,0.88
2014-07-01 00:00:00,0.92
2014-06-30 00:00:00,0.85
2014-06-27 00:00:00,0.84
2014-06-26 00:00:00,0.93
2014-06-25 00:00:00,0.87
2014-06-24 00:00:00,0.85
2014-06-23 00:00:00,0.81
2014-06-20 00:00:00,0.78
2014-06-19 00:00:00,0.68
2014-06-18 00:00:00,0.77
2014-06-17 00:00:00,0.81
2014-06-16 00:00:00,0.71
2014-06-13 00:00:00,0.77
2014-06-12 00:00:00,0.8
2014-06-11 00:00:00,0.74
2014-06-10 00:00:00,0.7
2014-06-09 00:00:00,0.83
2014-06-06 00:00:00,0.92
2014-06-05 00:00:00,0.75
2014-06-04 00:00:00,0.75
2014-06-03 00:00:00,0.95
2014-06-02 00:00:00,0.73
2014-05-30 00:00:00,0.89
2014-05-29 00:00:00,0.72
2014-05-28 00:00:00,0.9
2014-05-27 00:00:00,0.74
2014-05-23 00:00:00,0.76
2014-05-22 00:00:00,0.87
2014-05-21 00:00:00,0.87
2014-05-20 00:00:00,0.92
2014-05-19 00:00:00,0.81
2014-05-16 00:00:00,0.89
2014-05-15 00:00:00,1.01
2014-05-14 00:00:00,1.08
2014-05-13 00:00:00,0.88
2014-05-12 00:00:00,0.64
2014-05-09 00:00:00,0.94
2014-05-08 00:00:00,0.94
2014-05-07 00:00:00,0.86
2014-05-06 00:00:00,0.89
2014-05-05 00:00:00,0.87
2014-05-02 00:00:00,0.95
2014-05-01 00:00:00,0.81
2014-04-30 00:00:00,0.77
2014-04-29 00:00:00,0.9
2014-04-28 00:00:00,0.9
2014-04-25 00:00:00,1.14
2014-04-24 00:00:00,0.79
2014-04-23 00:00:00,1.01
2014-04-22 00:00:00,0.73
2014-04-21 00:00:00,0.76
2014-04-17 00:00:00,0.85
2014-04-16 00:00:00,0.91
2014-04-15 00:00:00,0.93
2014-04-14 00:00:00,0.75
2014-04-11 00:00:00,1.15
2014-04-10 00:00:00,1.03
2014-04-09 00:00:00,0.61
2014-04-08 00:00:00,0.91
2014-04-07 00:00:00,0.97
2014-04-04 00:00:00,0.94
2014-04-03 00:00:00,0.88
2014-04-02 00:00:00,0.66
2014-04-01 00:00:00,0.99
2014-03-31 00:00:00,0.96
2014-03-28 00:00:00,0.96
2014-03-27 00:00:00,0.84
2014-03-26 00:00:00,1.02
2014-03-25 00:00:00,0.75
2014-03-24 00:00:00,1.0
2014-03-21 00:00:00,0.9
2014-03-20 00:00:00,0.76
2014-03-19 00:00:00,0.82
2014-03-18 00:00:00,0.74
2014-03-17 00:00:00,0.84
2014-03-14 00:00:00,0.79
2014-03-13 00:00:00,1.04
2014-03-12 00:00:00,0.96
2014-03-11 00:00:00,0.81
2014-03-10 00:00:00,0.83
2014-03-07 00:00:00,0.82
2014-03-06 00:00:00,0.83
2014-03-05 00:00:00,0.77
2014-03-04 00:00:00,0.8
2014-03-03 00:00:00,0.9
2014-02-28 00:00:00,0.82
2014-02-27 00:00:00,0.89
2014-02-26 00:00:00,0.85
2014-02-25 00:00:00,0.83
2014-02-24 00:00:00,0.78
2014-02-21 00:00:00,0.69
2014-02-20 00:00:00,0.86
2014-02-19 00:00:00,0.9
2014-02-18 00:00:00,0.76
2014-02-14 00:00:00,0.83
2014-02-13 00:00:00,0.79
2014-02-12 00:00:00,0.85
2014-02-11 00:00:00,0.84
2014-02-10 00:00:00,0.94
2014-02-07 00:00:00,0.82
2014-02-06 00:00:00,0.92
2014-02-05 00:00:00,0.97
2014-02-04 00:00:00,0.99
2014-02-03 00:00:00,0.8
2014-01-31 00:00:00,0.86
2014-01-30 00:00:00,0.83
2014-01-29 00:00:00,0.97
2014-01-28 00:00:00,0.8
2014-01-27 00:00:00,0.87
2014-01-24 00:00:00,0.92
2014-01-23 00:00:00,0.88
2014-01-22 00:00:00,0.82
2014-01-21 00:00:00,0.76
2014-01-17 00:00:00,0.71
2014-01-16 00:00:00,0.78
2014-01-15 00:00:00,0.75
2014-01-14 00:00:00,0.68
2014-01-13 00:00:00,0.72
2014-01-10 00:00:00,0.76
2014-01-09 00:00:00,0.72
2014-01-08 00:00:00,0.71
2014-01-07 00:00:00,0.7
2014-01-06 00:00:00,0.69
2014-01-03 00:00:00,0.9
2014-01-02 00:00:00,0.82
2013-12-31 00:00:00,0.66
2013-12-30 00:00:00,0.73
2013-12-27 00:00:00,0.73
2013-12-26 00:00:00,0.65
2013-12-24 00:00:00,0.6
2013-12-23 00:00:00,0.61
2013-12-20 00:00:00,0.75
2013-12-19 00:00:00,0.75
2013-12-18 00:00:00,0.85
2013-12-17 00:00:00,0.88
2013-12-16 00:00:00,0.8
2013-12-13 00:00:00,0.85
2013-12-12 00:00:00,0.7
2013-12-11 00:00:00,0.95
2013-12-10 00:00:00,0.76
2013-12-09 00:00:00,0.94
2013-12-06 00:00:00,0.87
2013-12-05 00:00:00,0.77
2013-12-04 00:00:00,0.89
2013-12-03 00:00:00,0.87
2013-12-02 00:00:00,0.75
2013-11-29 00:00:00,0.81
2013-11-27 00:00:00,0.81
2013-11-26 00:00:00,0.74
2013-11-25 00:00:00,0.77
2013-11-22 00:00:00,0.94
2013-11-21 00:00:00,0.79
2013-11-20 00:00:00,0.96
2013-11-19 00:00:00,0.82
2013-11-18 00:00:00,0.79
2013-11-15 00:00:00,0.75
2013-11-14 00:00:00,0.83
2013-11-13 00:00:00,0.83
2013-11-12 00:00:00,0.84
2013-11-11 00:00:00,0.82
2013-11-08 00:00:00,0.86
2013-11-07 00:00:00,0.92
2013-11-06 00:00:00,0.91
2013-11-05 00:00:00,0.78
2013-11-04 00:00:00,0.76
2013-11-01 00:00:00,0.92
2013-10-31 00:00:00,0.9
2013-10-30 00:00:00,0.98
2013-10-29 00:00:00,0.74
2013-10-28 00:00:00,0.78
2013-10-25 00:00:00,0.93
2013-10-24 00:00:00,0.81
2013-10-23 00:00:00,0.86
2013-10-22 00:00:00,0.84
2013-10-21 00:00:00,0.81
2013-10-18 00:00:00,0.69
2013-10-17 00:00:00,0.87
2013-10-16 00:00:00,0.93
2013-10-15 00:00:00,0.99
2013-10-14 00:00:00,0.9
2013-10-11 00:00:00,0.95
2013-10-10 00:00:00,0.93
2013-10-09 00:00:00,1.3
2013-10-08 00:00:00,0.97
2013-10-07 00:00:00,0.92
2013-10-04 00:00:00,0.87
2013-10-03 00:00:00,0.99
2013-10-02 00:00:00,0.77
2013-10-01 00:00:00,0.85
2013-09-30 00:00:00,1.11
2013-09-27 00:00:00,0.94
2013-09-26 00:00:00,0.7
2013-09-25 00:00:00,0.96
2013-09-24 00:00:00,0.87
2013-09-23 00:00:00,0.99
2013-09-20 00:00:00,1.05
2013-09-19 00:00:00,0.76
2013-09-18 00:00:00,0.84
2013-09-17 00:00:00,0.8
2013-09-16 00:00:00,0.91
2013-09-13 00:00:00,0.77
2013-09-12 00:00:00,0.86
2013-09-11 00:00:00,0.92
2013-09-10 00:00:00,0.76
2013-09-09 00:00:00,0.65
2013-09-06 00:00:00,0.86
2013-09-05 00:00:00,0.82
2013-09-04 00:00:00,0.77
2013-09-03 00:00:00,0.75
2013-08-30 00:00:00,1.12
2013-08-29 00:00:00,0.96
2013-08-28 00:00:00,0.81
2013-08-27 00:00:00,1.02
2013-08-26 00:00:00,0.9
2013-08-23 00:00:00,0.81
2013-08-22 00:00:00,0.82
2013-08-21 00:00:00,0.97
2013-08-20 00:00:00,0.9
2013-08-19 00:00:00,0.93
2013-08-16 00:00:00,0.93
2013-08-15 00:00:00,0.96
2013-08-14 00:00:00,0.79
2013-08-13 00:00:00,0.77
2013-08-12 00:00:00,0.77
2013-08-09 00:00:00,0.9
2013-08-08 00:00:00,0.76
2013-08-07 00:00:00,0.96
2013-08-06 00:00:00,0.9
2013-08-05 00:00:00,0.85
2013-08-02 00:00:00,0.88
2013-08-01 00:00:00,0.85
2013-07-31 00:00:00,0.88
2013-07-30 00:00:00,0.78
2013-07-29 00:00:00,0.84
2013-07-26 00:00:00,0.98
2013-07-25 00:00:00,0.96
2013-07-24 00:00:00,0.96
2013-07-23 00:00:00,0.93
2013-07-22 00:00:00,0.93
2013-07-19 00:00:00,0.79
2013-07-18 00:00:00,0.74
2013-07-17 00:00:00,0.92
2013-07-16 00:00:00,0.97
2013-07-15 00:00:00,0.83
2013-07-12 00:00:00,0.9
2013-07-11 00:00:00,1.01
2013-07-10 00:00:00,1.04
2013-07-09 00:00:00,1.01
2013-07-08 00:00:00,1.04
2013-07-05 00:00:00,0.97
2013-07-03 00:00:00,1.14
2013-07-02 00:00:00,1.04
2013-07-01 00:00:00,0.91
2013-06-28 00:00:00,0.96
2013-06-27 00:00:00,1.02
2013-06-26 00:00:00,0.85
2013-06-25 00:00:00,1.08
2013-06-24 00:00:00,1.01
2013-06-21 00:00:00,1.17
2013-06-20 00:00:00,1.39
2013-06-19 00:00:00,1.11
2013-06-18 00:00:00,0.86
2013-06-17 00:00:00,0.96
2013-06-14 00:00:00,1.19
2013-06-13 00:00:00,0.98
2013-06-12 00:00:00,1.2
2013-06-11 00:00:00,1.04
2013-06-10 00:00:00,1.08
2013-06-07 00:00:00,1.13
2013-06-06 00:00:00,1.22
2013-06-05 00:00:00,1.18
2013-06-04 00:00:00,1.16
2013-06-03 00:00:00,0.92
2013-05-31 00:00:00,1.19
2013-05-30 00:00:00,0.86
2013-05-29 00:00:00,0.86
2013-05-28 00:00:00,0.98
2013-05-24 00:00:00,1.26
2013-05-23 00:00:00,1.01
2013-05-22 00:00:00,1.03
2013-05-21 00:00:00,0.92
2013-05-20 00:00:00,0.79
2013-05-17 00:00:00,0.81
2013-05-16 00:00:00,0.99
2013-05-15 00:00:00,0.78
2013-05-14 00:00:00,0.81
2013-05-13 00:00:00,0.87
2013-05-10 00:00:00,0.75
2013-05-09 00:00:00,1.0
2013-05-08 00:00:00,0.88
2013-05-07 00:00:00,0.89
2013-05-06 00:00:00,0.78
2013-05-03 00:00:00,0.9
2013-05-02 00:00:00,0.91
2013-05-01 00:00:00,1.03
2013-04-30 00:00:00,0.89
2013-04-29 00:00:00,0.9
2013-04-26 00:00:00,0.89
2013-04-25 00:00:00,0.97
2013-04-24 00:00:00,0.79
2013-04-23 00:00:00,0.9
2013-04-22 00:00:00,1.03
2013-04-19 00:00:00,1.1
2013-04-18 00:00:00,1.18
2013-04-17 00:00:00,1.19
2013-04-16 00:00:00,0.88
2013-04-15 00:00:00,1.09
2013-04-12 00:00:00,1.15
2013-04-11 00:00:00,0.87
2013-04-10 00:00:00,0.85
2013-04-09 00:00:00,0.67
2013-04-08 00:00:00,0.9
2013-04-05 00:00:00,1.0
2013-04-04 00:00:00,1.09
2013-04-03 00:00:00,1.06
2013-04-02 00:00:00,0.87
2013-04-01 00:00:00,1.0
2013-03-28 00:00:00,0.9
2013-03-27 00:00:00,0.92
2013-03-26 00:00:00,0.79
2013-03-25 00:00:00,0.89
2013-03-22 00:00:00,0.92
2013-03-21 00:00:00,0.86
2013-03-20 00:00:00,0.74
2013-03-19 00:00:00,0.97
2013-03-18 00:00:00,0.91
2013-03-15 00:00:00,0.85
2013-03-14 00:00:00,0.73
2013-03-13 00:00:00,0.78
2013-03-12 00:00:00,1.08
2013-03-11 00:00:00,0.93
2013-03-08 00:00:00,0.9
2013-03-07 00:00:00,0.83
2013-03-06 00:00:00,0.71
2013-03-05 00:00:00,1.12
2013-03-04 00:00:00,1.12
2013-03-01 00:00:00,1.17
2013-02-28 00:00:00,0.98
2013-02-27 00:00:00,0.99
2013-02-26 00:00:00,1.1
2013-02-25 00:00:00,1.15
2013-02-22 00:00:00,0.9
2013-02-21 00:00:00,1.1
2013-02-20 00:00:00,1.14
2013-02-19 00:00:00,0.99
2013-02-15 00:00:00,0.88
2013-02-14 00:00:00,0.83
2013-02-13 00:00:00,0.91
2013-02-12 00:00:00,0.92
2013-02-11 00:00:00,1.07
2013-02-08 00:00:00,0.9
2013-02-07 00:00:00,1.03
2013-02-06 00:00:00,0.97
2013-02-05 00:00:00,0.95
2013-02-04 00:00:00,1.1
2013-02-01 00:00:00,0.9
2013-01-31 00:00:00,0.91
2013-01-30 00:00:00,0.95
2013-01-29 00:00:00,0.97
2013-01-28 00:00:00,0.97
2013-01-25 00:00:00,0.88
2013-01-24 00:00:00,0.88
2013-01-23 00:00:00,0.89
2013-01-22 00:00:00,0.94
2013-01-18 00:00:00,0.75
2013-01-17 00:00:00,0.79
2013-01-16 00:00:00,0.87
2013-01-15 00:00:00,1.03
2013-01-14 00:00:00,0.81
2013-01-11 00:00:00,0.72
2013-01-10 00:00:00,0.78
2013-01-09 00:00:00,0.85
2013-01-08 00:00:00,0.95
2013-01-07 00:00:00,0.89
2013-01-04 00:00:00,0.82
2013-01-03 00:00:00,0.84
2013-01-02 00:00:00,0.97
2012-12-31 00:00:00,1.02
2012-12-28 00:00:00,1.08
2012-12-27 00:00:00,1.06
2012-12-26 00:00:00,0.96
2012-12-24 00:00:00,0.97
2012-12-21 00:00:00,1.05
2012-12-20 00:00:00,0.86
2012-12-19 00:00:00,0.97
2012-12-18 00:00:00,0.85
2012-12-17 00:00:00,0.71
2012-12-14 00:00:00,0.89
2012-12-13 00:00:00,0.84
2012-12-12 00:00:00,0.89
2012-12-11 00:00:00,0.84
2012-12-10 00:00:00,0.9
2012-12-07 00:00:00,0.8
2012-12-06 00:00:00,0.92
2012-12-05 00:00:00,0.87
2012-12-04 00:00:00,1.04
2012-12-03 00:00:00,0.82
2012-11-30 00:00:00,1.16
2012-11-29 00:00:00,1.01
2012-11-28 00:00:00,0.83
2012-11-27 00:00:00,0.85
2012-11-26 00:00:00,0.63
2012-11-23 00:00:00,0.89
2012-11-21 00:00:00,0.86
2012-11-20 00:00:00,1.1
2012-11-19 00:00:00,0.75
2012-11-16 00:00:00,1.03
2012-11-15 00:00:00,1.24
2012-11-14 00:00:00,1.12
2012-11-13 00:00:00,0.83
2012-11-12 00:00:00,0.99
2012-11-09 00:00:00,1.17
2012-11-08 00:00:00,1.13
2012-11-07 00:00:00,1.21
2012-11-06 00:00:00,0.96
2012-11-05 00:00:00,0.81
2012-11-02 00:00:00,0.92
2012-11-01 00:00:00,0.95
2012-10-31 00:00:00,0.86
2012-10-26 00:00:00,0.99
2012-10-25 00:00:00,0.85
2012-10-24 00:00:00,0.91
2012-10-23 00:00:00,1.06
2012-10-22 00:00:00,0.94
2012-10-19 00:00:00,1.12
2012-10-18 00:00:00,0.88
2012-10-17 00:00:00,0.79
2012-10-16 00:00:00,0.81
2012-10-15 00:00:00,0.77
2012-10-12 00:00:00,1.05
2012-10-11 00:00:00,0.89
2012-10-10 00:00:00,1.0
2012-10-09 00:00:00,1.0
2012-10-08 00:00:00,0.84
2012-10-05 00:00:00,0.94
2012-10-04 00:00:00,0.81
2012-10-03 00:00:00,0.92
2012-10-02 00:00:00,0.74
2012-10-01 00:00:00,0.87
2012-09-28 00:00:00,0.99
2012-09-27 00:00:00,0.82
2012-09-26 00:00:00,0.9
2012-09-25 00:00:00,0.93
2012-09-24 00:00:00,0.79
2012-09-21 00:00:00,0.8
2012-09-20 00:00:00,0.85
2012-09-19 00:00:00,0.68
2012-09-18 00:00:00,0.79
2012-09-17 00:00:00,0.85
2012-09-14 00:00:00,0.69
2012-09-13 00:00:00,0.77
2012-09-12 00:00:00,0.74
2012-09-11 00:00:00,0.79
2012-09-10 00:00:00,0.79
2012-09-07 00:00:00,0.74
2012-09-06 00:00:00,0.86
2012-09-05 00:00:00,0.92
2012-09-04 00:00:00,0.89
2012-08-31 00:00:00,0.91
2012-08-30 00:00:00,1.06
2012-08-29 00:00:00,1.03
2012-08-28 00:00:00,0.83
2012-08-27 00:00:00,0.87
2012-08-24 00:00:00,0.85
2012-08-23 00:00:00,0.93
2012-08-22 00:00:00,0.97
2012-08-21 00:00:00,0.9
2012-08-20 00:00:00,0.99
2012-08-17 00:00:00,0.75
2012-08-16 00:00:00,0.84
2012-08-15 00:00:00,0.75
2012-08-14 00:00:00,0.82
2012-08-13 00:00:00,0.8
2012-08-10 00:00:00,0.99
2012-08-09 00:00:00,0.86
2012-08-08 00:00:00,0.8
2012-08-07 00:00:00,0.81
2012-08-06 00:00:00,0.8
2012-08-03 00:00:00,0.83
2012-08-02 00:00:00,0.93
2012-08-01 00:00:00,0.95
2012-07-31 00:00:00,0.81
2012-07-30 00:00:00,0.78
2012-07-27 00:00:00,0.89
2012-07-26 00:00:00,0.98
2012-07-25 00:00:00,0.94
2012-07-24 00:00:00,0.88
2012-07-23 00:00:00,0.84
2012-07-20 00:00:00,1.0
2012-07-19 00:00:00,0.86
2012-07-18 00:00:00,0.85
2012-07-17 00:00:00,0.84
2012-07-16 00:00:00,0.93
2012-07-13 00:00:00,1.0
2012-07-12 00:00:00,0.98
2012-07-11 00:00:00,0.96
2012-07-10 00:00:00,1.1
2012-07-09 00:00:00,0.99
2012-07-06 00:00:00,1.09
2012-07-05 00:00:00,0.86
2012-07-03 00:00:00,0.91
2012-07-02 00:00:00,1.04
2012-06-29 00:00:00,0.89
2012-06-28 00:00:00,0.98
2012-06-27 00:00:00,0.93
2012-06-26 00:00:00,1.0
2012-06-25 00:00:00,1.15
2012-06-22 00:00:00,0.99
2012-06-21 00:00:00,1.12
2012-06-20 00:00:00,0.94
2012-06-19 00:00:00,1.08
2012-06-18 00:00:00,1.0
2012-06-15 00:00:00,1.02
2012-06-14 00:00:00,1.03
2012-06-13 00:00:00,1.28
2012-06-12 00:00:00,1.14
2012-06-11 00:00:00,0.94
2012-06-08 00:00:00,0.96
2012-06-07 00:00:00,0.98
2012-06-06 00:00:00,1.13
2012-06-05 00:00:00,1.01
2012-06-04 00:00:00,0.97
2012-06-01 00:00:00,1.36
2012-05-31 00:00:00,1.07
2012-05-30 00:00:00,1.24
2012-05-29 00:00:00,0.96
2012-05-25 00:00:00,1.09
2012-05-24 00:00:00,0.97
2012-05-23 00:00:00,0.97
2012-05-22 00:00:00,1.0
2012-05-21 00:00:00,0.92
2012-05-18 00:00:00,1.33
2012-05-17 00:00:00,1.44
2012-05-16 00:00:00,1.24
2012-05-15 00:00:00,1.16
2012-05-14 00:00:00,1.24
2012-05-11 00:00:00,1.24
2012-05-10 00:00:00,1.06
2012-05-09 00:00:00,0.99
2012-05-08 00:00:00,1.13
2012-05-07 00:00:00,0.89
2012-05-04 00:00:00,1.04
2012-05-03 00:00:00,0.94
2012-05-02 00:00:00,1.0
2012-05-01 00:00:00,0.9
2012-04-30 00:00:00,0.87
2012-04-27 00:00:00,0.85
2012-04-26 00:00:00,0.84
2012-04-25 00:00:00,0.76
2012-04-24 00:00:00,0.89
2012-04-23 00:00:00,0.81
2012-04-20 00:00:00,0.88
2012-04-19 00:00:00,1.02
2012-04-18 00:00:00,0.99
2012-04-17 00:00:00,0.86
2012-04-16 00:00:00,1.0
2012-04-13 00:00:00,0.95
2012-04-12 00:00:00,0.86
2012-04-11 00:00:00,1.08
2012-04-10 00:00:00,0.97
2012-04-09 00:00:00,1.01
2012-04-05 00:00:00,0.94
2012-04-04 00:00:00,0.97
2012-04-03 00:00:00,0.93
2012-04-02 00:00:00,0.82
2012-03-30 00:00:00,0.98
2012-03-29 00:00:00,1.04
2012-03-28 00:00:00,1.02
2012-03-27 00:00:00,0.95
2012-03-26 00:00:00,1.04
2012-03-23 00:00:00,1.05
2012-03-22 00:00:00,1.07
2012-03-21 00:00:00,0.97
2012-03-20 00:00:00,0.86
2012-03-19 00:00:00,0.84
2012-03-16 00:00:00,0.77
2012-03-15 00:00:00,0.7
2012-03-14 00:00:00,0.82
2012-03-13 00:00:00,0.85
2012-03-12 00:00:00,1.06
2012-03-09 00:00:00,0.89
2012-03-08 00:00:00,0.94
2012-03-07 00:00:00,0.96
2012-03-06 00:00:00,1.05
2012-03-05 00:00:00,0.93
2012-03-02 00:00:00,0.95
2012-03-01 00:00:00,1.0
2012-02-29 00:00:00,1.04
2012-02-28 00:00:00,0.78
2012-02-27 00:00:00,0.9
2012-02-24 00:00:00,1.06
2012-02-23 00:00:00,0.98
2012-02-22 00:00:00,0.9
2012-02-21 00:00:00,0.86
2012-02-17 00:00:00,0.75
2012-02-16 00:00:00,0.87
2012-02-15 00:00:00,1.08
2012-02-14 00:00:00,0.96
2012-02-13 00:00:00,0.88
2012-02-10 00:00:00,1.1
2012-02-09 00:00:00,0.84
2012-02-08 00:00:00,0.83
2012-02-07 00:00:00,0.74
2012-02-06 00:00:00,0.83
2012-02-03 00:00:00,0.77
2012-02-02 00:00:00,0.87
2012-02-01 00:00:00,0.83
2012-01-31 00:00:00,0.87
2012-01-30 00:00:00,0.91
2012-01-27 00:00:00,0.88
2012-01-26 00:00:00,0.98
2012-01-25 00:00:00,0.77
2012-01-24 00:00:00,1.02
2012-01-23 00:00:00,1.07
2012-01-20 00:00:00,0.79
2012-01-19 00:00:00,0.7
2012-01-18 00:00:00,0.83
2012-01-17 00:00:00,0.83
2012-01-13 00:00:00,0.74
2012-01-12 00:00:00,0.84
2012-01-11 00:00:00,0.79
2012-01-10 00:00:00,0.8
2012-01-09 00:00:00,0.91
2012-01-06 00:00:00,0.96
2012-01-05 00:00:00,0.82
2012-01-04 00:00:00,0.97
2012-01-03 00:00:00,0.76
2011-12-30 00:00:00,0.86
2011-12-29 00:00:00,1.08
2011-12-28 00:00:00,0.92
2011-12-27 00:00:00,0.99
2011-12-23 00:00:00,0.86
2011-12-22 00:00:00,0.99
2011-12-21 00:00:00,1.05
2011-12-20 00:00:00,0.81
2011-12-19 00:00:00,0.86
2011-12-16 00:00:00,1.15
2011-12-15 00:00:00,1.22
2011-12-14 00:00:00,1.1
2011-12-13 00:00:00,1.14
2011-12-12 00:00:00,1.1
2011-12-09 00:00:00,1.18
2011-12-08 00:00:00,0.95
2011-12-07 00:00:00,0.9
2011-12-06 00:00:00,0.88
2011-12-05 00:00:00,0.96
2011-12-02 00:00:00,0.96
2011-12-01 00:00:00,0.92
2011-11-30 00:00:00,0.9
2011-11-29 00:00:00,0.96
2011-11-28 00:00:00,0.89
2011-11-25 00:00:00,1.27
2011-11-23 00:00:00,1.26
2011-11-22 00:00:00,1.03
2011-11-21 00:00:00,1.05
2011-11-18 00:00:00,0.88
2011-11-17 00:00:00,1.28
2011-11-16 00:00:00,1.37
2011-11-15 00:00:00,1.09
2011-11-14 00:00:00,1.14
2011-11-11 00:00:00,0.93
2011-11-10 00:00:00,1.16
2011-11-09 00:00:00,1.32
2011-11-08 00:00:00,1.24
2011-11-07 00:00:00,0.99
2011-11-04 00:00:00,1.13
2011-11-03 00:00:00,1.07
2011-11-02 00:00:00,1.15
2011-11-01 00:00:00,1.34
2011-10-31 00:00:00,1.28
2011-10-28 00:00:00,0.98
2011-10-27 00:00:00,0.9
2011-10-26 00:00:00,0.99
2011-10-25 00:00:00,1.04
2011-10-24 00:00:00,0.94
2011-10-21 00:00:00,0.85
2011-10-20 00:00:00,1.35
2011-10-19 00:00:00,1.11
2011-10-18 00:00:00,1.01
2011-10-17 00:00:00,1.16
2011-10-14 00:00:00,0.97
2011-10-13 00:00:00,1.04
2011-10-12 00:00:00,1.27
2011-10-11 00:00:00,1.39
2011-10-10 00:00:00,1.35
2011-10-07 00:00:00,1.23
2011-10-06 00:00:00,1.24
2011-10-05 00:00:00,1.09
2011-10-04 00:00:00,1.18
2011-10-03 00:00:00,1.28
2011-09-30 00:00:00,1.25
2011-09-29 00:00:00,1.18
2011-09-28 00:00:00,1.43
2011-09-27 00:00:00,1.11
2011-09-26 00:00:00,1.0
2011-09-23 00:00:00,1.11
2011-09-22 00:00:00,1.25
2011-09-21 00:00:00,1.25
2011-09-20 00:00:00,1.11
2011-09-19 00:00:00,0.98
2011-09-16 00:00:00,1.02
2011-09-15 00:00:00,1.01
2011-09-14 00:00:00,1.04
2011-09-13 00:00:00,1.17
2011-09-12 00:00:00,1.24
2011-09-09 00:00:00,1.32
2011-09-08 00:00:00,1.13
2011-09-07 00:00:00,0.89
2011-09-06 00:00:00,1.26
2011-09-02 00:00:00,1.41
2011-09-01 00:00:00,1.08
2011-08-31 00:00:00,1.21
2011-08-30 00:00:00,1.15
2011-08-29 00:00:00,0.99
2011-08-26 00:00:00,1.17
2011-08-25 00:00:00,1.26
2011-08-24 00:00:00,1.18
2011-08-23 00:00:00,1.02
2011-08-22 00:00:00,1.09
2011-08-19 00:00:00,1.33
2011-08-18 00:00:00,1.48
2011-08-17 00:00:00,1.34
2011-08-16 00:00:00,1.05
2011-08-15 00:00:00,1.12
2011-08-12 00:00:00,1.08
2011-08-11 00:00:00,1.01
2011-08-10 00:00:00,1.21
2011-08-09 00:00:00,1.39
2011-08-08 00:00:00,1.35
2011-08-05 00:00:00,1.21
2011-08-04 00:00:00,1.3
2011-08-03 00:00:00,1.28
2011-08-02 00:00:00,1.15
2011-08-01 00:00:00,1.13
2011-07-29 00:00:00,1.17
2011-07-28 00:00:00,0.91
2011-07-27 00:00:00,1.1
2011-07-26 00:00:00,0.8
2011-07-25 00:00:00,0.91
2011-07-22 00:00:00,0.84
2011-07-21 00:00:00,0.75
2011-07-20 00:00:00,0.79
2011-07-19 00:00:00,0.67
2011-07-18 00:00:00,0.95
2011-07-15 00:00:00,1.07
2011-07-14 00:00:00,1.05
2011-07-13 00:00:00,1.0
2011-07-12 00:00:00,1.09
2011-07-11 00:00:00,1.15
2011-07-08 00:00:00,1.01
2011-07-07 00:00:00,0.84
2011-07-06 00:00:00,1.04
2011-07-05 00:00:00,1.11
2011-07-01 00:00:00,0.86
2011-06-30 00:00:00,0.93
2011-06-29 00:00:00,1.02
2011-06-28 00:00:00,0.9
2011-06-27 00:00:00,0.84
2011-06-24 00:00:00,1.07
2011-06-23 00:00:00,1.03
2011-06-22 00:00:00,0.84
2011-06-21 00:00:00,0.95
2011-06-20 00:00:00,0.88
2011-06-17 00:00:00,1.2
2011-06-16 00:00:00,1.12
2011-06-15 00:00:00,1.37
2011-06-14 00:00:00,1.02
2011-06-13 00:00:00,1.07
2011-06-10 00:00:00,1.17
2011-06-09 00:00:00,1.02
2011-06-08 00:00:00,1.16
2011-06-07 00:00:00,1.05
2011-06-06 00:00:00,1.11
2011-06-03 00:00:00,1.23
2011-06-02 00:00:00,1.06
2011-06-01 00:00:00,1.09
2011-05-31 00:00:00,0.76
2011-05-27 00:00:00,0.71
2011-05-26 00:00:00,0.91
2011-05-25 00:00:00,0.73
2011-05-24 00:00:00,0.8
2011-05-23 00:00:00,1.04
2011-05-20 00:00:00,1.05
2011-05-19 00:00:00,0.96
2011-05-18 00:00:00,0.96
2011-05-17 00:00:00,1.14
2011-05-16 00:00:00,0.94
2011-05-13 00:00:00,0.92
2011-05-12 00:00:00,0.86
2011-05-11 00:00:00,0.95
2011-05-10 00:00:00,0.8
2011-05-09 00:00:00,0.79
2011-05-06 00:00:00,0.97
2011-05-05 00:00:00,1.06
2011-05-04 00:00:00,1.01
2011-05-03 00:00:00,0.89
2011-05-02 00:00:00,0.83
2011-04-29 00:00:00,0.92
2011-04-28 00:00:00,0.82
2011-04-27 00:00:00,0.87
2011-04-26 00:00:00,0.86
2011-04-25 00:00:00,0.74
2011-04-21 00:00:00,0.92
2011-04-20 00:00:00,0.92
2011-04-19 00:00:00,0.89
2011-04-18 00:00:00,0.85
2011-04-15 00:00:00,0.93
2011-04-14 00:00:00,0.97
2011-04-13 00:00:00,0.87
2011-04-12 00:00:00,1.1
2011-04-11 00:00:00,0.96
2011-04-08 00:00:00,0.86
2011-04-07 00:00:00,0.88
2011-04-06 00:00:00,0.68
2011-04-05 00:00:00,0.81
2011-04-04 00:00:00,1.04
2011-04-01 00:00:00,0.9
2011-03-31 00:00:00,0.86
2011-03-30 00:00:00,0.76
2011-03-29 00:00:00,0.74
2011-03-28 00:00:00,0.83
2011-03-25 00:00:00,0.82
2011-03-24 00:00:00,0.86
2011-03-23 00:00:00,0.84
2011-03-22 00:00:00,0.76
2011-03-21 00:00:00,0.74
2011-03-18 00:00:00,0.97
2011-03-17 00:00:00,1.04
2011-03-16 00:00:00,1.18
2011-03-15 00:00:00,1.06
2011-03-14 00:00:00,0.94
2011-03-11 00:00:00,1.06
2011-03-10 00:00:00,1.03
2011-03-09 00:00:00,0.86
2011-03-08 00:00:00,0.86
2011-03-07 00:00:00,0.91
2011-03-04 00:00:00,0.79
2011-03-03 00:00:00,0.85
2011-03-02 00:00:00,0.79
2011-03-01 00:00:00,0.93
2011-02-28 00:00:00,0.83
2011-02-25 00:00:00,0.82
2011-02-24 00:00:00,0.98
2011-02-23 00:00:00,0.95
2011-02-22 00:00:00,0.96
2011-02-18 00:00:00,0.9
2011-02-17 00:00:00,0.72
2011-02-16 00:00:00,0.91
2011-02-15 00:00:00,0.82
2011-02-14 00:00:00,0.85
2011-02-11 00:00:00,0.78
2011-02-10 00:00:00,0.78
2011-02-09 00:00:00,0.85
2011-02-08 00:00:00,0.81
2011-02-07 00:00:00,0.79
2011-02-04 00:00:00,0.87
2011-02-03 00:00:00,0.86
2011-02-02 00:00:00,0.75
2011-02-01 00:00:00,0.8
2011-01-31 00:00:00,1.0
2011-01-28 00:00:00,1.05
2011-01-27 00:00:00,1.0
2011-01-26 00:00:00,0.9
2011-01-25 00:00:00,0.92
2011-01-24 00:00:00,0.73
2011-01-21 00:00:00,0.79
2011-01-20 00:00:00,0.91
2011-01-19 00:00:00,0.82
2011-01-18 00:00:00,0.71
2011-01-14 00:00:00,0.58
2011-01-13 00:00:00,0.7
2011-01-12 00:00:00,0.81
2011-01-11 00:00:00,0.83
2011-01-10 00:00:00,0.78
2011-01-07 00:00:00,0.87
2011-01-06 00:00:00,0.71
2011-01-05 00:00:00,0.69
2011-01-04 00:00:00,0.63
2011-01-03 00:00:00,0.64
2010-12-31 00:00:00,0.97
2010-12-30 00:00:00,0.7
2010-12-29 00:00:00,0.74
2010-12-28 00:00:00,0.76
2010-12-27 00:00:00,0.74
2010-12-23 00:00:00,0.85
2010-12-22 00:00:00,0.8
2010-12-21 00:00:00,0.7
2010-12-20 00:00:00,0.73
2010-12-17 00:00:00,0.74
2010-12-16 00:00:00,0.85
2010-12-15 00:00:00,0.66
2010-12-14 00:00:00,0.82
2010-12-13 00:00:00,0.55
2010-12-10 00:00:00,0.73
2010-12-09 00:00:00,0.69
2010-12-08 00:00:00,0.71
2010-12-07 00:00:00,0.73
2010-12-06 00:00:00,0.71
2010-12-03 00:00:00,0.76
2010-12-02 00:00:00,0.69
2010-12-01 00:00:00,0.79
2010-11-30 00:00:00,0.86
2010-11-29 00:00:00,0.96
2010-11-26 00:00:00,0.83
2010-11-24 00:00:00,1.05
2010-11-23 00:00:00,0.92
2010-11-22 00:00:00,0.77
2010-11-19 00:00:00,0.66
2010-11-18 00:00:00,0.81
2010-11-17 00:00:00,0.89
2010-11-16 00:00:00,0.92
2010-11-15 00:00:00,0.77
2010-11-12 00:00:00,1.0
2010-11-11 00:00:00,0.75
2010-11-10 00:00:00,0.71
2010-11-09 00:00:00,0.83
2010-11-08 00:00:00,0.69
2010-11-05 00:00:00,0.67
2010-11-04 00:00:00,0.76
2010-11-03 00:00:00,0.88
2010-11-02 00:00:00,0.78
2010-11-01 00:00:00,0.86
2010-10-29 00:00:00,0.89
2010-10-28 00:00:00,0.85
2010-10-27 00:00:00,0.84
2010-10-26 00:00:00,0.89
2010-10-25 00:00:00,0.9
2010-10-22 00:00:00,0.88
2010-10-21 00:00:00,0.96
2010-10-20 00:00:00,0.98
2010-10-19 00:00:00,0.92
2010-10-18 00:00:00,0.83
2010-10-15 00:00:00,0.72
2010-10-14 00:00:00,0.81
2010-10-13 00:00:00,0.73
2010-10-12 00:00:00,1.1
2010-10-11 00:00:00,0.81
2010-10-08 00:00:00,0.84
2010-10-07 00:00:00,1.05
2010-10-06 00:00:00,0.84
2010-10-05 00:00:00,0.85
2010-10-04 00:00:00,0.81
2010-10-01 00:00:00,0.76
2010-09-30 00:00:00,0.83
2010-09-29 00:00:00,0.77
2010-09-28 00:00:00,1.0
2010-09-27 00:00:00,0.83
2010-09-24 00:00:00,0.84
2010-09-23 00:00:00,0.93
2010-09-22 00:00:00,0.95
2010-09-21 00:00:00,0.94
2010-09-20 00:00:00,0.78
2010-09-17 00:00:00,0.9
2010-09-16 00:00:00,0.83
2010-09-15 00:00:00,0.94
2010-09-14 00:00:00,0.89
2010-09-13 00:00:00,0.81
2010-09-10 00:00:00,1.22
2010-09-09 00:00:00,1.05
2010-09-08 00:00:00,0.93
2010-09-07 00:00:00,1.31
2010-09-03 00:00:00,0.94
2010-09-02 00:00:00,0.87
2010-09-01 00:00:00,0.82
2010-08-31 00:00:00,0.91
2010-08-30 00:00:00,0.95
2010-08-27 00:00:00,0.82
2010-08-26 00:00:00,0.93
2010-08-25 00:00:00,1.0
2010-08-24 00:00:00,0.96
2010-08-23 00:00:00,0.71
2010-08-20 00:00:00,1.03
2010-08-19 00:00:00,0.96
2010-08-18 00:00:00,1.2
2010-08-17 00:00:00,0.97
2010-08-16 00:00:00,0.9
2010-08-13 00:00:00,1.0
2010-08-12 00:00:00,0.98
2010-08-11 00:00:00,1.05
2010-08-10 00:00:00,1.0
2010-08-09 00:00:00,0.8
2010-08-06 00:00:00,0.89
2010-08-05 00:00:00,0.94
2010-08-04 00:00:00,0.81
2010-08-03 00:00:00,0.85
2010-08-02 00:00:00,0.9
2010-07-30 00:00:00,0.8
2010-07-29 00:00:00,0.96
2010-07-28 00:00:00,0.95
2010-07-27 00:00:00,0.81
2010-07-26 00:00:00,0.95
2010-07-23 00:00:00,0.83
2010-07-22 00:00:00,0.81
2010-07-21 00:00:00,0.99
2010-07-20 00:00:00,0.84
2010-07-19 00:00:00,0.7
2010-07-16 00:00:00,1.06
2010-07-15 00:00:00,0.87
2010-07-14 00:00:00,0.91
2010-07-13 00:00:00,0.8
2010-07-12 00:00:00,0.97
2010-07-09 00:00:00,0.84
2010-07-08 00:00:00,0.81
2010-07-07 00:00:00,0.87
2010-07-06 00:00:00,1.2
2010-07-02 00:00:00,0.89
2010-07-01 00:00:00,1.24
2010-06-30 00:00:00,1.08
2010-06-29 00:00:00,1.09
2010-06-28 00:00:00,0.78
2010-06-25 00:00:00,0.89
2010-06-24 00:00:00,1.29
2010-06-23 00:00:00,1.09
2010-06-22 00:00:00,1.04
2010-06-21 00:00:00,0.91
2010-06-18 00:00:00,0.86
2010-06-17 00:00:00,0.9
2010-06-16 00:00:00,0.94
2010-06-15 00:00:00,0.84
2010-06-14 00:00:00,1.07
2010-06-11 00:00:00,1.08
2010-06-10 00:00:00,1.0
2010-06-09 00:00:00,1.05
2010-06-08 00:00:00,1.14
2010-06-07 00:00:00,0.97
2010-06-04 00:00:00,0.99
2010-06-03 00:00:00,1.07
2010-06-02 00:00:00,0.9
2010-06-01 00:00:00,0.9
2010-05-28 00:00:00,1.2
2010-05-27 00:00:00,1.01
2010-05-26 00:00:00,1.03
2010-05-25 00:00:00,1.11
2010-05-24 00:00:00,0.92
2010-05-21 00:00:00,1.28
2010-05-20 00:00:00,1.5
2010-05-19 00:00:00,1.37
2010-05-18 00:00:00,1.0
2010-05-17 00:00:00,1.01
2010-05-14 00:00:00,1.12
2010-05-13 00:00:00,0.85
2010-05-12 00:00:00,0.85
2010-05-11 00:00:00,1.07
2010-05-10 00:00:00,0.99
2010-05-07 00:00:00,1.2
2010-05-06 00:00:00,1.02
2010-05-05 00:00:00,1.13
2010-05-04 00:00:00,0.99
2010-05-03 00:00:00,0.79
2010-04-30 00:00:00,1.04
2010-04-29 00:00:00,0.72
2010-04-28 00:00:00,0.82
2010-04-27 00:00:00,0.88
2010-04-26 00:00:00,0.67
2010-04-23 00:00:00,0.71
2010-04-22 00:00:00,0.74
2010-04-21 00:00:00,0.89
2010-04-20 00:00:00,0.89
2010-04-19 00:00:00,0.89
2010-04-16 00:00:00,0.85
2010-04-15 00:00:00,0.69
2010-04-14 00:00:00,0.55
2010-04-13 00:00:00,0.72
2010-04-12 00:00:00,0.67
2010-04-09 00:00:00,0.71
2010-04-08 00:00:00,0.78
2010-04-07 00:00:00,0.9
2010-04-06 00:00:00,0.73
2010-04-05 00:00:00,0.78
2010-04-01 00:00:00,0.88
2010-03-31 00:00:00,0.84
2010-03-30 00:00:00,0.85
2010-03-29 00:00:00,0.86
2010-03-26 00:00:00,0.92
2010-03-25 00:00:00,0.84
2010-03-24 00:00:00,0.92
2010-03-23 00:00:00,0.65
2010-03-22 00:00:00,0.9
2010-03-19 00:00:00,0.97
2010-03-18 00:00:00,0.77
2010-03-17 00:00:00,0.85
2010-03-16 00:00:00,0.76
2010-03-15 00:00:00,0.79
2010-03-12 00:00:00,0.85
2010-03-11 00:00:00,0.91
2010-03-10 00:00:00,0.82
2010-03-09 00:00:00,0.68
2010-03-08 00:00:00,0.91
2010-03-05 00:00:00,0.82
2010-03-04 00:00:00,1.0
2010-03-03 00:00:00,0.87
2010-03-02 00:00:00,0.78
2010-03-01 00:00:00,0.95
2010-02-26 00:00:00,0.86
2010-02-25 00:00:00,1.03
2010-02-24 00:00:00,0.84
2010-02-23 00:00:00,1.04
2010-02-22 00:00:00,0.82
2010-02-19 00:00:00,0.85
2010-02-18 00:00:00,0.78
2010-02-17 00:00:00,0.92
2010-02-16 00:00:00,0.88
2010-02-12 00:00:00,0.9
2010-02-11 00:00:00,0.88
2010-02-10 00:00:00,0.94
2010-02-09 00:00:00,0.98
2010-02-08 00:00:00,0.99
2010-02-05 00:00:00,1.22
2010-02-04 00:00:00,1.06
2010-02-03 00:00:00,0.84
2010-02-02 00:00:00,0.86
2010-02-01 00:00:00,0.74
2010-01-29 00:00:00,0.99
2010-01-28 00:00:00,0.8
2010-01-27 00:00:00,0.95
2010-01-26 00:00:00,0.84
2010-01-25 00:00:00,0.98
2010-01-22 00:00:00,1.07
2010-01-21 00:00:00,0.93
2010-01-20 00:00:00,0.94
2010-01-19 00:00:00,0.73
2010-01-15 00:00:00,0.82
2010-01-14 00:00:00,0.75
2010-01-13 00:00:00,0.81
2010-01-12 00:00:00,0.8
2010-01-11 00:00:00,0.67
2010-01-08 00:00:00,0.64
2010-01-07 00:00:00,0.7
2010-01-06 00:00:00,0.69
2010-01-05 00:00:00,0.71
2010-01-04 00:00:00,0.68
2009-12-31 00:00:00,0.9
2009-12-30 00:00:00,0.77
2009-12-29 00:00:00,0.9
2009-12-28 00:00:00,0.77
2009-12-24 00:00:00,0.7
2009-12-23 00:00:00,0.81
2009-12-22 00:00:00,0.6
2009-12-21 00:00:00,0.62
2009-12-18 00:00:00,0.95
2009-12-17 00:00:00,0.89
2009-12-16 00:00:00,0.87
2009-12-15 00:00:00,0.75
2009-12-14 00:00:00,0.87
2009-12-11 00:00:00,0.89
2009-12-10 00:00:00,0.88
2009-12-09 00:00:00,0.95
2009-12-08 00:00:00,0.89
2009-12-07 00:00:00,0.89
2009-12-04 00:00:00,0.84
2009-12-03 00:00:00,0.67
2009-12-02 00:00:00,0.87
2009-12-01 00:00:00,0.85
2009-11-30 00:00:00,1.04
2009-11-27 00:00:00,1.05
2009-11-25 00:00:00,0.84
2009-11-24 00:00:00,0.88
2009-11-23 00:00:00,0.67
2009-11-20 00:00:00,0.91
2009-11-19 00:00:00,0.99
2009-11-18 00:00:00,0.83
2009-11-17 00:00:00,0.88
2009-11-16 00:00:00,0.84
2009-11-13 00:00:00,1.01
2009-11-12 00:00:00,0.85
2009-11-11 00:00:00,0.89
2009-11-10 00:00:00,0.83
2009-11-09 00:00:00,0.87
2009-11-06 00:00:00,1.03
2009-11-05 00:00:00,0.88
2009-11-04 00:00:00,0.82
2009-11-03 00:00:00,0.93
2009-11-02 00:00:00,1.03
2009-10-30 00:00:00,1.21
2009-10-29 00:00:00,0.84
2009-10-28 00:00:00,1.1
2009-10-27 00:00:00,1.01
2009-10-26 00:00:00,0.88
2009-10-23 00:00:00,0.85
2009-10-22 00:00:00,0.81
2009-10-21 00:00:00,0.94
2009-10-20 00:00:00,0.91
2009-10-19 00:00:00,0.9
2009-10-16 00:00:00,0.76
2009-10-15 00:00:00,0.69
2009-10-14 00:00:00,0.69
2009-10-13 00:00:00,0.81
2009-10-12 00:00:00,0.82
2009-10-09 00:00:00,0.79
2009-10-08 00:00:00,0.72
2009-10-07 00:00:00,0.78
2009-10-06 00:00:00,0.77
2009-10-05 00:00:00,0.8
2009-10-02 00:00:00,1.11
2009-10-01 00:00:00,0.97
2009-09-30 00:00:00,1.11
2009-09-29 00:00:00,0.86
2009-09-28 00:00:00,1.0
2009-09-25 00:00:00,0.96
2009-09-24 00:00:00,0.99
2009-09-23 00:00:00,0.89
2009-09-22 00:00:00,0.76
2009-09-21 00:00:00,0.74
2009-09-18 00:00:00,0.86
2009-09-17 00:00:00,0.78
2009-09-16 00:00:00,0.66
2009-09-15 00:00:00,0.76
2009-09-14 00:00:00,0.8
2009-09-11 00:00:00,0.88
2009-09-10 00:00:00,0.9
2009-09-09 00:00:00,0.86
2009-09-08 00:00:00,0.79
2009-09-04 00:00:00,0.89
2009-09-03 00:00:00,0.93
2009-09-02 00:00:00,0.92
2009-09-01 00:00:00,0.93
2009-08-31 00:00:00,0.89
2009-08-28 00:00:00,0.76
2009-08-27 00:00:00,0.81
2009-08-26 00:00:00,1.04
2009-08-25 00:00:00,0.81
2009-08-24 00:00:00,0.73
2009-08-21 00:00:00,0.59
2009-08-20 00:00:00,0.71
2009-08-19 00:00:00,0.97
2009-08-18 00:00:00,0.93
2009-08-17 00:00:00,0.99
2009-08-14 00:00:00,0.95
2009-08-13 00:00:00,0.78
2009-08-12 00:00:00,0.92
2009-08-11 00:00:00,0.77
2009-08-10 00:00:00,0.76
2009-08-07 00:00:00,0.73
2009-08-06 00:00:00,0.91
2009-08-05 00:00:00,0.74
2009-08-04 00:00:00,0.81
2009-08-03 00:00:00,0.76
2009-07-31 00:00:00,0.84
2009-07-30 00:00:00,0.67
2009-07-29 00:00:00,0.92
2009-07-28 00:00:00,0.81
2009-07-27 00:00:00,0.79
2009-07-24 00:00:00,0.93
2009-07-23 00:00:00,0.88
2009-07-22 00:00:00,0.98
2009-07-21 00:00:00,0.8
2009-07-20 00:00:00,0.7
2009-07-17 00:00:00,0.73
2009-07-16 00:00:00,0.75
2009-07-15 00:00:00,0.77
2009-07-14 00:00:00,0.84
2009-07-13 00:00:00,0.83
2009-07-10 00:00:00,1.07
2009-07-09 00:00:00,1.07
2009-07-08 00:00:00,1.04
2009-07-07 00:00:00,1.01
2009-07-06 00:00:00,0.87
2009-07-02 00:00:00,1.06
2009-07-01 00:00:00,0.8
2009-06-30 00:00:00,1.07
2009-06-29 00:00:00,0.78
2009-06-26 00:00:00,0.82
2009-06-25 00:00:00,0.9
2009-06-24 00:00:00,0.86
2009-06-23 00:00:00,1.0
2009-06-22 00:00:00,0.94
2009-06-19 00:00:00,0.86
2009-06-18 00:00:00,0.93
2009-06-17 00:00:00,1.14
2009-06-16 00:00:00,1.01
2009-06-15 00:00:00,0.81
2009-06-12 00:00:00,0.87
2009-06-11 00:00:00,0.77
2009-06-10 00:00:00,0.87
2009-06-09 00:00:00,0.87
2009-06-08 00:00:00,0.93
2009-06-05 00:00:00,0.81
2009-06-04 00:00:00,0.88
2009-06-03 00:00:00,0.96
2009-06-02 00:00:00,0.84
2009-06-01 00:00:00,0.77
2009-05-29 00:00:00,0.77
2009-05-28 00:00:00,0.76
2009-05-27 00:00:00,0.86
2009-05-26 00:00:00,0.72
2009-05-22 00:00:00,0.8
2009-05-21 00:00:00,0.97
2009-05-20 00:00:00,0.85
2009-05-19 00:00:00,0.81
2009-05-18 00:00:00,0.77
2009-05-15 00:00:00,0.8
2009-05-14 00:00:00,0.87
2009-05-13 00:00:00,0.87
2009-05-12 00:00:00,0.86
2009-05-11 00:00:00,0.86
2009-05-08 00:00:00,0.87
2009-05-07 00:00:00,0.82
2009-05-06 00:00:00,0.77
2009-05-05 00:00:00,0.71
2009-05-04 00:00:00,0.75
2009-05-01 00:00:00,0.85
2009-04-30 00:00:00,0.94
2009-04-29 00:00:00,0.78
2009-04-28 00:00:00,0.89
2009-04-27 00:00:00,0.81
2009-04-24 00:00:00,0.84
2009-04-23 00:00:00,0.9
2009-04-22 00:00:00,0.78
2009-04-21 00:00:00,0.84
2009-04-20 00:00:00,0.92
2009-04-17 00:00:00,0.72
2009-04-16 00:00:00,0.75
2009-04-15 00:00:00,0.92
2009-04-14 00:00:00,0.77
2009-04-13 00:00:00,0.67
2009-04-09 00:00:00,0.8
2009-04-08 00:00:00,0.85
2009-04-07 00:00:00,0.96
2009-04-06 00:00:00,0.95
2009-04-03 00:00:00,0.82
2009-04-02 00:00:00,0.69
2009-04-01 00:00:00,0.9
2009-03-31 00:00:00,0.82
2009-03-30 00:00:00,1.12
2009-03-27 00:00:00,0.91
2009-03-26 00:00:00,0.91
2009-03-25 00:00:00,0.85
2009-03-24 00:00:00,0.76
2009-03-23 00:00:00,0.7
2009-03-20 00:00:00,0.9
2009-03-19 00:00:00,0.77
2009-03-18 00:00:00,0.64
2009-03-17 00:00:00,0.78
2009-03-16 00:00:00,0.79
2009-03-13 00:00:00,0.71
2009-03-12 00:00:00,0.7
2009-03-11 00:00:00,0.75
2009-03-10 00:00:00,0.72
2009-03-09 00:00:00,0.73
2009-03-06 00:00:00,0.88
2009-03-05 00:00:00,1.02
2009-03-04 00:00:00,0.96
2009-03-03 00:00:00,0.95
2009-03-02 00:00:00,1.07
2009-02-27 00:00:00,0.97
2009-02-26 00:00:00,0.69
2009-02-25 00:00:00,0.85
2009-02-24 00:00:00,0.78
2009-02-23 00:00:00,0.95
2009-02-20 00:00:00,1.07
2009-02-19 00:00:00,1.14
2009-02-18 00:00:00,1.18
2009-02-17 00:00:00,1.03
2009-02-13 00:00:00,0.89
2009-02-12 00:00:00,0.9
2009-02-11 00:00:00,0.92
2009-02-10 00:00:00,0.88
2009-02-09 00:00:00,0.66
2009-02-06 00:00:00,0.71
2009-02-05 00:00:00,0.75
2009-02-04 00:00:00,0.89
2009-02-03 00:00:00,0.81
2009-02-02 00:00:00,0.81
2009-01-30 00:00:00,1.02
2009-01-29 00:00:00,0.96
2009-01-28 00:00:00,0.75
2009-01-27 00:00:00,0.78
2009-01-26 00:00:00,0.78
2009-01-23 00:00:00,0.77
2009-01-22 00:00:00,0.87
2009-01-21 00:00:00,0.93
2009-01-20 00:00:00,0.96
2009-01-16 00:00:00,0.96
2009-01-15 00:00:00,1.18
2009-01-14 00:00:00,1.13
2009-01-13 00:00:00,0.9
2009-01-12 00:00:00,1.16
2009-01-09 00:00:00,1.03
2009-01-08 00:00:00,1.07
2009-01-07 00:00:00,1.13
2009-01-06 00:00:00,0.8
2009-01-05 00:00:00,0.83
2009-01-02 00:00:00,0.94
2008-12-31 00:00:00,0.8
2008-12-30 00:00:00,0.82
2008-12-29 00:00:00,0.94
2008-12-26 00:00:00,0.79
2008-12-24 00:00:00,0.81
2008-12-23 00:00:00,0.71
2008-12-22 00:00:00,0.82
2008-12-19 00:00:00,0.82
2008-12-18 00:00:00,0.9
2008-12-17 00:00:00,0.84
2008-12-16 00:00:00,0.9
2008-12-15 00:00:00,1.05
2008-12-12 00:00:00,1.04
2008-12-11 00:00:00,0.98
2008-12-10 00:00:00,0.94
2008-12-09 00:00:00,0.84
2008-12-08 00:00:00,0.86
2008-12-05 00:00:00,0.92
2008-12-04 00:00:00,0.94
2008-12-03 00:00:00,1.04
2008-12-02 00:00:00,0.94
2008-12-01 00:00:00,1.0
2008-11-28 00:00:00,0.88
2008-11-26 00:00:00,0.75
2008-11-25 00:00:00,0.78
2008-11-24 00:00:00,0.74
2008-11-21 00:00:00,1.13
2008-11-20 00:00:00,1.32
2008-11-19 00:00:00,1.39
2008-11-18 00:00:00,1.08
2008-11-17 00:00:00,0.94
2008-11-14 00:00:00,1.02
2008-11-13 00:00:00,0.99
2008-11-12 00:00:00,1.18
2008-11-11 00:00:00,1.17
2008-11-10 00:00:00,1.11
2008-11-07 00:00:00,0.94
2008-11-06 00:00:00,1.33
2008-11-05 00:00:00,0.94
2008-11-04 00:00:00,0.99
2008-11-03 00:00:00,0.96
2008-10-31 00:00:00,0.96
2008-10-30 00:00:00,0.8
2008-10-29 00:00:00,0.79
2008-10-28 00:00:00,1.01
2008-10-27 00:00:00,1.17
2008-10-24 00:00:00,1.24
2008-10-23 00:00:00,1.23
2008-10-22 00:00:00,1.21
2008-10-21 00:00:00,0.89
2008-10-20 00:00:00,0.82
2008-10-17 00:00:00,0.97
2008-10-16 00:00:00,1.15
2008-10-15 00:00:00,1.13
2008-10-14 00:00:00,0.87
2008-10-13 00:00:00,0.89
2008-10-10 00:00:00,1.23
2008-10-09 00:00:00,1.35
2008-10-08 00:00:00,1.19
2008-10-07 00:00:00,1.11
2008-10-06 00:00:00,1.52
2008-10-03 00:00:00,1.1
2008-10-02 00:00:00,1.36
2008-10-01 00:00:00,0.99
2008-09-30 00:00:00,1.3
2008-09-29 00:00:00,1.36
2008-09-26 00:00:00,1.02
2008-09-25 00:00:00,0.8
2008-09-24 00:00:00,1.06
2008-09-23 00:00:00,1.04
2008-09-22 00:00:00,0.97
2008-09-19 00:00:00,0.83
2008-09-18 00:00:00,1.18
2008-09-17 00:00:00,1.37
2008-09-16 00:00:00,1.29
2008-09-15 00:00:00,1.46
2008-09-12 00:00:00,1.01
2008-09-11 00:00:00,1.0
2008-09-10 00:00:00,1.1
2008-09-09 00:00:00,1.12
2008-09-08 00:00:00,0.9
2008-09-05 00:00:00,1.01
2008-09-04 00:00:00,1.05
2008-09-03 00:00:00,0.86
2008-09-02 00:00:00,0.96
2008-08-29 00:00:00,1.0
2008-08-28 00:00:00,0.82
2008-08-27 00:00:00,0.82
2008-08-26 00:00:00,0.97
2008-08-25 00:00:00,1.12
2008-08-22 00:00:00,0.86
2008-08-21 00:00:00,0.97
2008-08-20 00:00:00,0.96
2008-08-19 00:00:00,1.13
2008-08-18 00:00:00,1.06
2008-08-15 00:00:00,1.0
2008-08-14 00:00:00,0.87
2008-08-13 00:00:00,1.02
2008-08-12 00:00:00,1.06
2008-08-11 00:00:00,0.86
2008-08-08 00:00:00,0.93
2008-08-07 00:00:00,1.05
2008-08-06 00:00:00,0.94
2008-08-05 00:00:00,0.77
2008-08-04 00:00:00,0.97
2008-08-01 00:00:00,0.99
2008-07-31 00:00:00,0.95
2008-07-30 00:00:00,0.87
2008-07-29 00:00:00,0.86
2008-07-28 00:00:00,1.06
2008-07-25 00:00:00,0.85
2008-07-24 00:00:00,1.05
2008-07-23 00:00:00,0.9
2008-07-22 00:00:00,0.91
2008-07-21 00:00:00,0.88
2008-07-18 00:00:00,0.93
2008-07-17 00:00:00,0.86
2008-07-16 00:00:00,0.93
2008-07-15 00:00:00,1.16
2008-07-14 00:00:00,1.16
2008-07-11 00:00:00,1.15
2008-07-10 00:00:00,1.06
2008-07-09 00:00:00,1.01
2008-07-08 00:00:00,1.02
2008-07-07 00:00:00,1.21
2008-07-03 00:00:00,1.2
2008-07-02 00:00:00,1.08
2008-07-01 00:00:00,1.02
2008-06-30 00:00:00,1.09
2008-06-27 00:00:00,1.13
2008-06-26 00:00:00,1.15
2008-06-25 00:00:00,0.86
2008-06-24 00:00:00,0.99
2008-06-23 00:00:00,0.87
2008-06-20 00:00:00,1.32
2008-06-19 00:00:00,0.99
2008-06-18 00:00:00,1.12
2008-06-17 00:00:00,0.99
2008-06-16 00:00:00,0.93
2008-06-13 00:00:00,0.91
2008-06-12 00:00:00,0.97
2008-06-11 00:00:00,1.14
2008-06-10 00:00:00,0.96
2008-06-09 00:00:00,0.95
2008-06-06 00:00:00,1.14
2008-06-05 00:00:00,0.97
2008-06-04 00:00:00,1.08
2008-06-03 00:00:00,1.16
2008-06-02 00:00:00,1.07
2008-05-30 00:00:00,0.84
2008-05-29 00:00:00,0.85
2008-05-28 00:00:00,0.81
2008-05-27 00:00:00,0.94
2008-05-23 00:00:00,1.05
2008-05-22 00:00:00,0.97
2008-05-21 00:00:00,1.18
2008-05-20 00:00:00,1.08
2008-05-19 00:00:00,0.85
2008-05-16 00:00:00,0.86
2008-05-15 00:00:00,0.77
2008-05-14 00:00:00,0.8
2008-05-13 00:00:00,0.79
2008-05-12 00:00:00,0.86
2008-05-09 00:00:00,0.92
2008-05-08 00:00:00,0.89
2008-05-07 00:00:00,1.02
2008-05-06 00:00:00,0.82
2008-05-05 00:00:00,0.89
2008-05-02 00:00:00,0.9
2008-05-01 00:00:00,0.93
2008-04-30 00:00:00,0.92
2008-04-29 00:00:00,1.08
2008-04-28 00:00:00,0.96
2008-04-25 00:00:00,0.91
2008-04-24 00:00:00,0.9
2008-04-23 00:00:00,0.95
2008-04-22 00:00:00,1.07
2008-04-21 00:00:00,0.94
2008-04-18 00:00:00,0.82
2008-04-17 00:00:00,0.93
2008-04-16 00:00:00,0.92
2008-04-15 00:00:00,1.06
2008-04-14 00:00:00,1.02
2008-04-11 00:00:00,1.29
2008-04-10 00:00:00,0.98
2008-04-09 00:00:00,1.16
2008-04-08 00:00:00,1.13
2008-04-07 00:00:00,0.97
2008-04-04 00:00:00,1.19
2008-04-03 00:00:00,1.05
2008-04-02 00:00:00,1.05
2008-04-01 00:00:00,0.9
2008-03-31 00:00:00,1.02
2008-03-28 00:00:00,1.17
2008-03-27 00:00:00,1.14
2008-03-26 00:00:00,1.03
2008-03-25 00:00:00,0.96
2008-03-24 00:00:00,0.82
2008-03-20 00:00:00,1.11
2008-03-19 00:00:00,1.21
2008-03-18 00:00:00,1.0
2008-03-17 00:00:00,1.49
2008-03-14 00:00:00,1.42
2008-03-13 00:00:00,1.21
2008-03-12 00:00:00,1.11
2008-03-11 00:00:00,1.11
2008-03-10 00:00:00,1.49
2008-03-07 00:00:00,1.24
2008-03-06 00:00:00,1.27
2008-03-05 00:00:00,1.14
2008-03-04 00:00:00,1.18
2008-03-03 00:00:00,1.23
2008-02-29 00:00:00,1.28
2008-02-28 00:00:00,1.24
2008-02-27 00:00:00,1.09
2008-02-26 00:00:00,1.07
2008-02-25 00:00:00,0.93
2008-02-22 00:00:00,1.15
2008-02-21 00:00:00,0.96
2008-02-20 00:00:00,0.85
2008-02-19 00:00:00,1.01
2008-02-15 00:00:00,1.15
2008-02-14 00:00:00,1.01
2008-02-13 00:00:00,0.97
2008-02-12 00:00:00,1.13
2008-02-11 00:00:00,0.96
2008-02-08 00:00:00,1.13
2008-02-07 00:00:00,1.12
2008-02-06 00:00:00,1.06
2008-02-05 00:00:00,1.15
2008-02-04 00:00:00,0.94
2008-02-01 00:00:00,0.81
2008-01-31 00:00:00,0.96
2008-01-30 00:00:00,0.81
2008-01-29 00:00:00,0.9
2008-01-28 00:00:00,0.92
2008-01-25 00:00:00,1.06
2008-01-24 00:00:00,0.88
2008-01-23 00:00:00,1.13
2008-01-22 00:00:00,1.18
2008-01-18 00:00:00,1.34
2008-01-17 00:00:00,1.5
2008-01-16 00:00:00,1.19
2008-01-15 00:00:00,1.25
2008-01-14 00:00:00,0.95
2008-01-11 00:00:00,0.93
2008-01-10 00:00:00,0.97
2008-01-09 00:00:00,1.15
2008-01-08 00:00:00,1.47
2008-01-07 00:00:00,1.04
2008-01-04 00:00:00,1.05
2008-01-03 00:00:00,1.01
2008-01-02 00:00:00,1.16
2007-12-31 00:00:00,1.05
2007-12-28 00:00:00,0.97
2007-12-27 00:00:00,0.98
2007-12-26 00:00:00,0.9
2007-12-24 00:00:00,0.89
2007-12-21 00:00:00,0.59
2007-12-20 00:00:00,0.68
2007-12-19 00:00:00,1.14
2007-12-18 00:00:00,1.04
2007-12-17 00:00:00,1.11
2007-12-14 00:00:00,1.06
2007-12-13 00:00:00,1.06
2007-12-12 00:00:00,0.99
2007-12-11 00:00:00,1.1
2007-12-10 00:00:00,0.96
2007-12-07 00:00:00,0.99
2007-12-06 00:00:00,0.88
2007-12-05 00:00:00,0.89
2007-12-04 00:00:00,1.08
2007-12-03 00:00:00,0.83
2007-11-30 00:00:00,1.06
2007-11-29 00:00:00,0.89
2007-11-28 00:00:00,0.9
2007-11-27 00:00:00,0.82
2007-11-26 00:00:00,0.98
2007-11-23 00:00:00,0.89
2007-11-21 00:00:00,1.23
2007-11-20 00:00:00,1.12
2007-11-19 00:00:00,1.11
2007-11-16 00:00:00,1.27
2007-11-15 00:00:00,1.31
2007-11-14 00:00:00,0.91
2007-11-13 00:00:00,1.19
2007-11-12 00:00:00,0.92
2007-11-09 00:00:00,1.08
2007-11-08 00:00:00,1.22
2007-11-07 00:00:00,1.06
2007-11-06 00:00:00,0.98
2007-11-05 00:00:00,1.03
2007-11-02 00:00:00,1.14
2007-11-01 00:00:00,0.96
2007-10-31 00:00:00,0.77
2007-10-30 00:00:00,1.16
2007-10-29 00:00:00,0.92
2007-10-26 00:00:00,0.82
2007-10-25 00:00:00,1.09
2007-10-24 00:00:00,0.98
2007-10-23 00:00:00,0.96
2007-10-22 00:00:00,1.01
2007-10-19 00:00:00,1.16
2007-10-18 00:00:00,0.77
2007-10-17 00:00:00,0.95
2007-10-16 00:00:00,0.96
2007-10-15 00:00:00,0.8
2007-10-12 00:00:00,0.78
2007-10-11 00:00:00,0.9
2007-10-10 00:00:00,0.89
2007-10-09 00:00:00,0.81
2007-10-08 00:00:00,0.82
2007-10-05 00:00:00,0.78
2007-10-04 00:00:00,0.72
2007-10-03 00:00:00,0.82
2007-10-02 00:00:00,0.99
2007-10-01 00:00:00,0.88
2007-09-28 00:00:00,1.1
2007-09-27 00:00:00,0.85
2007-09-26 00:00:00,0.87
2007-09-25 00:00:00,1.13
2007-09-24 00:00:00,0.84
2007-09-21 00:00:00,0.85
2007-09-20 00:00:00,1.01
2007-09-19 00:00:00,0.96
2007-09-18 00:00:00,1.03
2007-09-17 00:00:00,1.03
2007-09-14 00:00:00,1.1
2007-09-13 00:00:00,1.03
2007-09-12 00:00:00,0.87
2007-09-11 00:00:00,1.06
2007-09-10 00:00:00,1.15
2007-09-07 00:00:00,1.18
2007-09-06 00:00:00,0.88
2007-09-05 00:00:00,1.12
2007-09-04 00:00:00,1.07
2007-08-31 00:00:00,1.06
2007-08-30 00:00:00,0.93
2007-08-29 00:00:00,0.96
2007-08-28 00:00:00,1.29
2007-08-27 00:00:00,1.0
2007-08-24 00:00:00,1.06
2007-08-23 00:00:00,1.15
2007-08-22 00:00:00,1.09
2007-08-21 00:00:00,0.9
2007-08-20 00:00:00,0.91
2007-08-17 00:00:00,1.24
2007-08-16 00:00:00,1.5
2007-08-15 00:00:00,1.49
2007-08-14 00:00:00,1.4
2007-08-13 00:00:00,1.02
2007-08-10 00:00:00,1.11
2007-08-09 00:00:00,1.13
2007-08-08 00:00:00,1.01
2007-08-07 00:00:00,1.06
2007-08-06 00:00:00,1.28
2007-08-03 00:00:00,1.44
2007-08-02 00:00:00,1.1
2007-08-01 00:00:00,1.35
2007-07-31 00:00:00,1.27
2007-07-30 00:00:00,1.16
2007-07-27 00:00:00,1.41
2007-07-26 00:00:00,1.52
2007-07-25 00:00:00,1.05
2007-07-24 00:00:00,1.47
2007-07-23 00:00:00,0.81
2007-07-20 00:00:00,1.22
2007-07-19 00:00:00,0.8
2007-07-18 00:00:00,1.1
2007-07-17 00:00:00,0.92
2007-07-16 00:00:00,0.83
2007-07-13 00:00:00,0.93
2007-07-12 00:00:00,0.77
2007-07-11 00:00:00,0.89
2007-07-10 00:00:00,1.0
2007-07-09 00:00:00,0.8
2007-07-06 00:00:00,0.87
2007-07-05 00:00:00,0.89
2007-07-03 00:00:00,0.93
2007-07-02 00:00:00,0.85
2007-06-29 00:00:00,1.03
2007-06-28 00:00:00,0.89
2007-06-27 00:00:00,0.84
2007-06-26 00:00:00,1.13
2007-06-25 00:00:00,1.14
2007-06-22 00:00:00,1.03
2007-06-21 00:00:00,0.98
2007-06-20 00:00:00,1.06
2007-06-19 00:00:00,0.88
2007-06-18 00:00:00,0.93
2007-06-15 00:00:00,1.03
2007-06-14 00:00:00,0.79
2007-06-13 00:00:00,0.97
2007-06-12 00:00:00,1.09
2007-06-11 00:00:00,1.08
2007-06-08 00:00:00,1.13
2007-06-07 00:00:00,1.24
2007-06-06 00:00:00,1.12
2007-06-05 00:00:00,0.98
2007-06-04 00:00:00,0.9
2007-06-01 00:00:00,0.89
2007-05-31 00:00:00,0.93
2007-05-30 00:00:00,0.92
2007-05-29 00:00:00,0.91
2007-05-25 00:00:00,1.03
2007-05-24 00:00:00,1.14
2007-05-23 00:00:00,0.99
2007-05-22 00:00:00,1.2
2007-05-21 00:00:00,0.95
2007-05-18 00:00:00,0.98
2007-05-17 00:00:00,0.77
2007-05-16 00:00:00,1.03
2007-05-15 00:00:00,0.92
2007-05-14 00:00:00,0.88
2007-05-11 00:00:00,0.95
2007-05-10 00:00:00,1.1
2007-05-09 00:00:00,0.74
2007-05-08 00:00:00,1.0
2007-05-07 00:00:00,0.7
2007-05-04 00:00:00,0.84
2007-05-03 00:00:00,0.89
2007-05-02 00:00:00,0.81
2007-05-01 00:00:00,1.15
2007-04-30 00:00:00,0.97
2007-04-27 00:00:00,1.01
2007-04-26 00:00:00,0.83
2007-04-25 00:00:00,0.82
2007-04-24 00:00:00,1.21
2007-04-23 00:00:00,0.91
2007-04-20 00:00:00,0.75
2007-04-19 00:00:00,0.93
2007-04-18 00:00:00,0.81
2007-04-17 00:00:00,0.9
2007-04-16 00:00:00,0.84
2007-04-13 00:00:00,0.96
2007-04-12 00:00:00,1.03
2007-04-11 00:00:00,1.0
2007-04-10 00:00:00,1.14
2007-04-09 00:00:00,0.78
2007-04-05 00:00:00,0.76
2007-04-04 00:00:00,1.05
2007-04-03 00:00:00,1.13
2007-04-02 00:00:00,0.84
2007-03-30 00:00:00,1.2
2007-03-29 00:00:00,1.18
2007-03-28 00:00:00,1.36
2007-03-27 00:00:00,0.99
2007-03-26 00:00:00,1.0
2007-03-23 00:00:00,0.93
2007-03-22 00:00:00,0.93
2007-03-21 00:00:00,1.13
2007-03-20 00:00:00,0.95
2007-03-19 00:00:00,0.81
2007-03-16 00:00:00,1.23
2007-03-15 00:00:00,1.15
2007-03-14 00:00:00,1.61
2007-03-13 00:00:00,1.42
2007-03-12 00:00:00,1.06
2007-03-09 00:00:00,1.16
2007-03-08 00:00:00,1.02
2007-03-07 00:00:00,1.18
2007-03-06 00:00:00,1.24
2007-03-05 00:00:00,1.65
2007-03-02 00:00:00,1.32
2007-03-01 00:00:00,1.4
2007-02-28 00:00:00,1.1
2007-02-27 00:00:00,1.68
2007-02-26 00:00:00,1.03
2007-02-23 00:00:00,1.38
2007-02-22 00:00:00,1.04
2007-02-21 00:00:00,1.12
2007-02-20 00:00:00,0.96
2007-02-16 00:00:00,0.84
2007-02-15 00:00:00,0.76
2007-02-14 00:00:00,0.96
2007-02-13 00:00:00,0.96
2007-02-12 00:00:00,1.18
2007-02-09 00:00:00,0.93
2007-02-08 00:00:00,0.85
2007-02-07 00:00:00,0.87
2007-02-06 00:00:00,0.85
2007-02-05 00:00:00,0.82
2007-02-02 00:00:00,0.98
2007-02-01 00:00:00,0.84
2007-01-31 00:00:00,0.78
2007-01-30 00:00:00,0.94
2007-01-29 00:00:00,0.98
2007-01-26 00:00:00,0.98
2007-01-25 00:00:00,1.2
2007-01-24 00:00:00,0.85
2007-01-23 00:00:00,0.91
2007-01-22 00:00:00,0.97
2007-01-19 00:00:00,0.84
2007-01-18 00:00:00,0.9
2007-01-17 00:00:00,0.88
2007-01-16 00:00:00,0.89
2007-01-12 00:00:00,0.75
2007-01-11 00:00:00,0.72
2007-01-10 00:00:00,0.81
2007-01-09 00:00:00,0.79
2007-01-08 00:00:00,0.86
2007-01-05 00:00:00,0.9
2007-01-04 00:00:00,0.82
2007-01-03 00:00:00,0.87
2006-12-29 00:00:00,0.88
2006-12-28 00:00:00,0.96
2006-12-27 00:00:00,0.85
2006-12-26 00:00:00,0.84
2006-12-22 00:00:00,1.11
2006-12-21 00:00:00,0.79
2006-12-20 00:00:00,0.85
2006-12-19 00:00:00,0.96
2006-12-18 00:00:00,1.09
2006-12-15 00:00:00,0.74
2006-12-14 00:00:00,0.61
2006-12-13 00:00:00,0.87
2006-12-12 00:00:00,0.96
2006-12-11 00:00:00,0.72
2006-12-08 00:00:00,0.79
2006-12-07 00:00:00,0.89
2006-12-06 00:00:00,0.84
2006-12-05 00:00:00,0.76
2006-12-04 00:00:00,0.86
2006-12-01 00:00:00,0.91
2006-11-30 00:00:00,0.77
2006-11-29 00:00:00,0.67
2006-11-28 00:00:00,0.93
2006-11-27 00:00:00,1.27
2006-11-24 00:00:00,1.06
2006-11-22 00:00:00,0.89
2006-11-21 00:00:00,1.03
2006-11-20 00:00:00,0.86
2006-11-17 00:00:00,0.78
2006-11-16 00:00:00,0.78
2006-11-15 00:00:00,0.83
2006-11-14 00:00:00,0.82
2006-11-13 00:00:00,0.8
2006-11-10 00:00:00,1.06
2006-11-09 00:00:00,0.84
2006-11-08 00:00:00,0.78
2006-11-07 00:00:00,0.79
2006-11-06 00:00:00,0.76
2006-11-03 00:00:00,0.91
2006-11-02 00:00:00,0.9
2006-11-01 00:00:00,0.91
