Period,"US Investor Sentiment, % Bull-Bear Spread"
2019-11-07 00:00:00,16.3728
2019-10-31 00:00:00,5.5422
2019-10-24 00:00:00,7.3298
2019-10-17 00:00:00,2.5641
2019-10-10 00:00:00,-23.6504
2019-10-03 00:00:00,-18.0662
2019-09-26 00:00:00,-3.8876
2019-09-19 00:00:00,7.5188
2019-09-12 00:00:00,1.875
2019-09-05 00:00:00,-10.8642
2019-08-29 00:00:00,-16.0804
2019-08-22 00:00:00,-13.0841
2019-08-15 00:00:00,-21.6738
2019-08-08 00:00:00,-26.5392
2019-08-01 00:00:00,14.375
2019-07-25 00:00:00,-0.2809
2019-07-18 00:00:00,7.2864
2019-07-11 00:00:00,6.1111
2019-07-03 00:00:00,0.8022
2019-06-27 00:00:00,-2.4658
2019-06-20 00:00:00,-2.6229
2019-06-13 00:00:00,-7.3593
2019-06-06 00:00:00,-20.0549
2019-05-30 00:00:00,-15.2892
2019-05-23 00:00:00,-11.3725
2019-05-22 00:00:00,-11.3725
2019-05-16 00:00:00,-9.4736
2019-05-09 00:00:00,19.9275
2019-05-02 00:00:00,17.6829
2019-04-25 00:00:00,13.3522
2019-04-18 00:00:00,15.7361
2019-04-11 00:00:00,19.9041
2019-04-04 00:00:00,6.7511
2019-03-28 00:00:00,6.0
2019-03-21 00:00:00,13.8889
2019-03-14 00:00:00,1.3652
2019-03-07 00:00:00,10.6383
2019-02-28 00:00:00,21.6327
2019-02-21 00:00:00,13.9319
2019-02-14 00:00:00,10.0295
2019-02-07 00:00:00,17.0886
2019-01-31 00:00:00,0.0
2019-01-24 00:00:00,5.3435
2019-01-17 00:00:00,-2.7191
2019-01-10 00:00:00,9.0909
2019-01-03 00:00:00,-9.7484
2018-12-27 00:00:00,-18.75
2018-12-20 00:00:00,-22.4324
2018-12-13 00:00:00,-27.9661
2018-12-06 00:00:00,7.4468
2018-11-29 00:00:00,-5.5921
2018-11-22 00:00:00,-21.8855
2018-11-15 00:00:00,-0.8772
2018-11-08 00:00:00,10.0917
2018-11-01 00:00:00,3.4482
2018-10-25 00:00:00,-13.0269
2018-10-18 00:00:00,-1.0831
2018-10-11 00:00:00,-4.8484
2018-10-04 00:00:00,20.5479
2018-09-27 00:00:00,5.1181
2018-09-20 00:00:00,0.0
2018-09-13 00:00:00,-0.7462
2018-09-06 00:00:00,15.9259
2018-08-30 00:00:00,19.1057
2018-08-23 00:00:00,11.396
2018-08-16 00:00:00,7.0922
2018-08-09 00:00:00,5.3291
2018-08-02 00:00:00,-2.965
2018-07-26 00:00:00,4.6195
2018-07-19 00:00:00,9.7256
2018-07-12 00:00:00,13.8983
2018-07-05 00:00:00,-11.4206
2018-06-28 00:00:00,-12.3563
2018-06-21 00:00:00,12.5349
2018-06-14 00:00:00,23.0769
2018-06-07 00:00:00,12.2137
2018-05-31 00:00:00,8.6643
2018-05-24 00:00:00,13.3987
2018-05-17 00:00:00,16.095
2018-05-10 00:00:00,7.9787
2018-05-03 00:00:00,-1.8518
2018-04-26 00:00:00,11.3564
2018-04-19 00:00:00,8.5643
2018-04-12 00:00:00,-16.6666
2018-04-05 00:00:00,-4.7413
2018-03-29 00:00:00,-3.3932
2018-03-22 00:00:00,4.7478
2018-03-15 00:00:00,15.5125
2018-03-08 00:00:00,-1.9802
2018-03-01 00:00:00,13.8728
2018-02-22 00:00:00,21.8605
2018-02-15 00:00:00,27.1071
2018-02-08 00:00:00,2.0151
2018-02-01 00:00:00,16.013
2018-01-25 00:00:00,21.4285
2018-01-18 00:00:00,32.7239
2018-01-11 00:00:00,23.5989
2018-01-04 00:00:00,44.1975
2017-12-28 00:00:00,32.0106
2017-12-21 00:00:00,24.8756
2017-12-14 00:00:00,16.875
2017-12-07 00:00:00,2.6578
2017-11-30 00:00:00,4.3243
2017-11-23 00:00:00,6.4789
2017-11-16 00:00:00,-5.8696
2017-11-09 00:00:00,22.028
2017-11-02 00:00:00,16.4835
2017-10-26 00:00:00,6.6066
2017-10-19 00:00:00,10.0
2017-10-12 00:00:00,12.8655
2017-10-05 00:00:00,2.8
2017-09-28 00:00:00,4.5977
2017-09-21 00:00:00,12.9252
2017-09-14 00:00:00,19.3182
2017-09-07 00:00:00,-6.4638
2017-08-31 00:00:00,-14.8936
2017-08-24 00:00:00,-10.1928
2017-08-17 00:00:00,1.3761
2017-08-10 00:00:00,1.3334
2017-08-03 00:00:00,4.0123
2017-07-27 00:00:00,10.1352
2017-07-20 00:00:00,9.6774
2017-07-13 00:00:00,-1.3889
2017-07-06 00:00:00,-0.2817
2017-06-29 00:00:00,2.8572
2017-06-22 00:00:00,3.7415
2017-06-15 00:00:00,2.7888
2017-06-08 00:00:00,5.9055
2017-06-01 00:00:00,-4.6154
2017-05-25 00:00:00,2.8571
2017-05-18 00:00:00,-10.3976
2017-05-11 00:00:00,2.518
2017-05-04 00:00:00,8.1219
2017-04-27 00:00:00,6.3415
2017-04-20 00:00:00,-12.9944
2017-04-13 00:00:00,-8.4112
2017-04-06 00:00:00,-11.3207
2017-03-30 00:00:00,-7.1651
2017-03-23 00:00:00,4.7745
2017-03-16 00:00:00,-7.5325
2017-03-09 00:00:00,-16.5
2017-03-02 00:00:00,2.2876
2017-02-23 00:00:00,6.1538
2017-02-16 00:00:00,0.7273
2017-02-09 00:00:00,8.1482
2017-02-02 00:00:00,-1.3761
2017-01-26 00:00:00,-1.9139
2017-01-19 00:00:00,4.3307
2017-01-12 00:00:00,16.6667
2017-01-05 00:00:00,20.9726
2016-12-29 00:00:00,19.8312
2016-12-22 00:00:00,15.4519
2016-12-15 00:00:00,12.3287
2016-12-08 00:00:00,16.6324
2016-12-01 00:00:00,18.6747
2016-11-24 00:00:00,27.8131
2016-11-17 00:00:00,20.0811
2016-11-10 00:00:00,9.5556
2016-11-03 00:00:00,-10.6818
2016-10-27 00:00:00,-9.3137
2016-10-20 00:00:00,-14.0756
2016-10-13 00:00:00,-8.2547
2016-10-06 00:00:00,0.8928
2016-09-29 00:00:00,-13.1111
2016-09-22 00:00:00,-13.4571
2016-09-15 00:00:00,-7.9823
2016-09-08 00:00:00,1.2658
2016-09-01 00:00:00,-2.92
2016-08-25 00:00:00,-0.2132
2016-08-18 00:00:00,9.2051
2016-08-11 00:00:00,4.5351
2016-08-04 00:00:00,3.0142
2016-07-28 00:00:00,2.8409
2016-07-21 00:00:00,8.7045
2016-07-14 00:00:00,12.4424
2016-07-07 00:00:00,4.4053
2016-06-30 00:00:00,-4.5093
2016-06-23 00:00:00,-13.2576
2016-06-16 00:00:00,-12.1528
2016-06-09 00:00:00,0.0
2016-06-02 00:00:00,1.1173
2016-05-26 00:00:00,-11.6371
2016-05-19 00:00:00,-14.7583
2016-05-12 00:00:00,-10.8843
2016-05-05 00:00:00,-8.0097
2016-04-28 00:00:00,-1.2345
2016-04-21 00:00:00,9.4828
2016-04-14 00:00:00,2.9536
2016-04-07 00:00:00,10.7306
2016-03-31 00:00:00,1.4199
2016-03-24 00:00:00,10.0672
2016-03-17 00:00:00,3.0992
2016-03-10 00:00:00,12.984
2016-03-03 00:00:00,2.7668
2016-02-25 00:00:00,-0.2212
2016-02-18 00:00:00,-10.2421
2016-02-11 00:00:00,-29.4589
2016-02-04 00:00:00,-7.1698
2016-01-28 00:00:00,-10.2113
2016-01-21 00:00:00,-27.1845
2016-01-14 00:00:00,-27.6265
2016-01-07 00:00:00,-16.087
2015-12-31 00:00:00,1.4577
2015-12-24 00:00:00,-5.1124
2015-12-17 00:00:00,-15.5132
2015-12-10 00:00:00,-1.3794
2015-12-03 00:00:00,8.2949
2015-11-26 00:00:00,6.326
2015-11-19 00:00:00,0.2197
2015-11-12 00:00:00,11.2676
2015-11-05 00:00:00,20.4
2015-10-29 00:00:00,19.804
2015-10-22 00:00:00,10.7422
2015-10-15 00:00:00,6.9387
2015-10-08 00:00:00,9.3333
2015-10-01 00:00:00,-11.8126
2015-09-24 00:00:00,3.4261
2015-09-17 00:00:00,4.1323
2015-09-10 00:00:00,-0.3591
2015-09-03 00:00:00,0.7117
2015-08-27 00:00:00,-5.7692
2015-08-20 00:00:00,-6.5134
2015-08-13 00:00:00,-5.6974
2015-08-06 00:00:00,-7.3375
2015-07-30 00:00:00,-19.598
2015-07-23 00:00:00,6.94
2015-07-16 00:00:00,7.5676
2015-07-09 00:00:00,-1.2685
2015-07-02 00:00:00,-12.4756
2015-06-25 00:00:00,13.8889
2015-06-18 00:00:00,-8.893
2015-06-11 00:00:00,-12.5468
2015-06-04 00:00:00,2.7094
2015-05-28 00:00:00,1.8622
2015-05-21 00:00:00,0.2119
2015-05-14 00:00:00,0.3876
2015-05-07 00:00:00,0.2165
2015-04-30 00:00:00,8.885
2015-04-23 00:00:00,8.2816
2015-04-16 00:00:00,9.2827
2015-04-09 00:00:00,4.5558
2015-04-02 00:00:00,3.4364
2015-03-26 00:00:00,14.0496
2015-03-19 00:00:00,-4.321
2015-03-12 00:00:00,6.1889
2015-03-05 00:00:00,16.4473
2015-02-26 00:00:00,25.0746
2015-02-19 00:00:00,29.1391
2015-02-12 00:00:00,19.6721
2015-02-05 00:00:00,3.0717
2015-01-29 00:00:00,21.7792
2015-01-22 00:00:00,6.3492
2015-01-15 00:00:00,24.6106
2015-01-08 00:00:00,13.3094
2015-01-01 00:00:00,32.4325
2014-12-25 00:00:00,32.0755
2014-12-18 00:00:00,11.8577
2014-12-11 00:00:00,22.6804
2014-12-04 00:00:00,16.7364
2014-11-27 00:00:00,31.3531
2014-11-20 00:00:00,25.2941
2014-11-13 00:00:00,38.6207
2014-11-06 00:00:00,37.6344
2014-10-30 00:00:00,28.3019
2014-10-23 00:00:00,27.1875
2014-10-16 00:00:00,8.9673
2014-10-09 00:00:00,8.8957
2014-10-02 00:00:00,4.5139
2014-09-25 00:00:00,13.6054
2014-09-18 00:00:00,19.2546
2014-09-11 00:00:00,13.782
2014-09-04 00:00:00,20.7101
2014-08-28 00:00:00,32.6923
2014-08-21 00:00:00,22.4551
2014-08-14 00:00:00,12.8527
2014-08-07 00:00:00,-7.3394
2014-07-31 00:00:00,0.0
2014-07-24 00:00:00,-0.3087
2014-07-17 00:00:00,3.8835
2014-07-10 00:00:00,8.9887
2014-07-03 00:00:00,16.1194
2014-06-26 00:00:00,16.129
2014-06-19 00:00:00,11.0465
2014-06-12 00:00:00,23.4375
2014-06-05 00:00:00,17.284
2014-05-29 00:00:00,13.2597
2014-05-22 00:00:00,4.0373
2014-05-15 00:00:00,10.5095
2014-05-08 00:00:00,-0.3185
2014-05-01 00:00:00,0.3237
2014-04-24 00:00:00,8.4795
2014-04-17 00:00:00,-7.0337
2014-04-10 00:00:00,-5.6292
2014-04-03 00:00:00,8.5714
2014-03-27 00:00:00,2.5496
2014-03-20 00:00:00,10.6322
2014-03-13 00:00:00,14.5252
2014-03-06 00:00:00,13.881
2014-02-27 00:00:00,18.5567
2014-02-20 00:00:00,19.4
2014-02-13 00:00:00,12.8079
2014-02-06 00:00:00,-8.5106
2014-01-30 00:00:00,-0.5747
2014-01-23 00:00:00,14.3603
2014-01-16 00:00:00,17.5066
2014-01-09 00:00:00,18.617
2014-01-02 00:00:00,13.8211
2013-12-26 00:00:00,36.5169
2013-12-19 00:00:00,22.3729
2013-12-12 00:00:00,16.2651
2013-12-05 00:00:00,15.0943
2013-11-28 00:00:00,19.0476
2013-11-21 00:00:00,4.9133
2013-11-14 00:00:00,11.7284
2013-11-07 00:00:00,23.676
2013-10-31 00:00:00,23.4899
2013-10-24 00:00:00,31.6294
2013-10-17 00:00:00,21.3592
2013-10-10 00:00:00,7.7491
2013-10-03 00:00:00,7.7702
2013-09-26 00:00:00,5.4422
2013-09-19 00:00:00,15.4136
2013-09-12 00:00:00,20.9303
2013-09-05 00:00:00,4.28
2013-08-29 00:00:00,2.7951
2013-08-22 00:00:00,-13.8996
2013-08-15 00:00:00,6.338
2013-08-08 00:00:00,12.8526
2013-08-01 00:00:00,10.6164
2013-07-25 00:00:00,22.5589
2013-07-18 00:00:00,26.4808
2013-07-11 00:00:00,30.6383
2013-07-04 00:00:00,18.1495
2013-06-27 00:00:00,-4.893
2013-06-20 00:00:00,7.4907
2013-06-13 00:00:00,-1.6216
2013-06-06 00:00:00,-9.4737
2013-05-30 00:00:00,6.3241
2013-05-23 00:00:00,27.3973
2013-05-16 00:00:00,9.1483
2013-05-09 00:00:00,13.3574
2013-05-02 00:00:00,-4.9296
2013-04-25 00:00:00,-10.5263
2013-04-18 00:00:00,-21.3699
2013-04-11 00:00:00,-35.1725
2013-04-04 00:00:00,7.324
2013-03-28 00:00:00,9.7421
2013-03-21 00:00:00,5.6106
2013-03-14 00:00:00,13.39
2013-03-07 00:00:00,-7.4534
2013-02-28 00:00:00,-8.2019
2013-02-21 00:00:00,9.2857
2013-02-14 00:00:00,13.5211
2013-02-07 00:00:00,13.2076
2013-01-31 00:00:00,23.743
2013-01-24 00:00:00,28.0702
2013-01-17 00:00:00,16.6198
2013-01-10 00:00:00,19.5266
2013-01-03 00:00:00,2.509
2012-12-27 00:00:00,14.1791
2012-12-20 00:00:00,21.6
2012-12-13 00:00:00,13.1579
2012-12-06 00:00:00,7.619
2012-11-28 00:00:00,6.5637
2012-11-22 00:00:00,-4.9645
2012-11-15 00:00:00,-20.0
2012-11-08 00:00:00,-1.4084
2012-11-01 00:00:00,-5.2459
2012-10-25 00:00:00,-13.8365
2012-10-18 00:00:00,-15.8879
2012-10-11 00:00:00,-8.2734
2012-10-04 00:00:00,0.633
2012-09-27 00:00:00,-0.361
2012-09-20 00:00:00,3.7162
2012-09-13 00:00:00,3.4722
2012-09-06 00:00:00,0.0
2012-08-30 00:00:00,2.0833
2012-08-23 00:00:00,16.0839
2012-08-16 00:00:00,8.7719
2012-08-09 00:00:00,9.1177
2012-08-02 00:00:00,-4.4776
2012-07-26 00:00:00,-15.016
2012-07-19 00:00:00,-19.5967
2012-07-12 00:00:00,-4.5016
2012-07-05 00:00:00,-0.69
2012-06-28 00:00:00,-15.6997
2012-06-21 00:00:00,-2.99
2012-06-14 00:00:00,-1.7544
2012-06-07 00:00:00,-18.3006
2012-05-31 00:00:00,-14.0077
2012-05-24 00:00:00,-8.2031
2012-05-17 00:00:00,-22.388
2012-05-10 00:00:00,-16.6667
2012-05-03 00:00:00,6.9343
2012-04-26 00:00:00,-9.7561
2012-04-19 00:00:00,-2.6616
2012-04-12 00:00:00,-13.4199
2012-04-05 00:00:00,10.3735
2012-03-29 00:00:00,16.99
2012-03-22 00:00:00,14.5695
2012-03-15 00:00:00,18.41
2012-03-08 00:00:00,13.383
2012-03-01 00:00:00,17.683
2012-02-23 00:00:00,16.181
2012-02-16 00:00:00,16.08
2012-02-09 00:00:00,31.456
2012-02-02 00:00:00,18.731
2012-01-26 00:00:00,29.4874
2012-01-19 00:00:00,23.62
2012-01-12 00:00:00,31.96
2012-01-05 00:00:00,31.72
2011-12-29 00:00:00,9.773
2011-12-22 00:00:00,5.49
2011-12-15 00:00:00,6.54
2011-12-08 00:00:00,3.81
2011-12-01 00:00:00,-6.38
2011-11-24 00:00:00,-5.56
2011-11-17 00:00:00,10.89
2011-11-10 00:00:00,20.17
2011-11-03 00:00:00,10.56
2011-10-27 00:00:00,18.0
2011-10-20 00:00:00,1.38
2011-10-13 00:00:00,3.41
2011-10-06 00:00:00,-10.48
2011-09-29 00:00:00,-14.28
2011-09-22 00:00:00,-22.67
2011-09-15 00:00:00,-10.85
2011-09-08 00:00:00,-10.07
2011-09-01 00:00:00,6.28
2011-08-25 00:00:00,-4.52
2011-08-18 00:00:00,-4.26
2011-08-11 00:00:00,-11.35
2011-08-04 00:00:00,-22.69
2011-07-28 00:00:00,6.42
2011-07-21 00:00:00,9.25
2011-07-14 00:00:00,10.06
2011-07-07 00:00:00,17.09
2011-06-30 00:00:00,8.12
2011-06-23 00:00:00,1.72
2011-06-16 00:00:00,-13.75
2011-06-09 00:00:00,-23.25
2011-06-02 00:00:00,-3.25
2011-05-26 00:00:00,-15.81
2011-05-19 00:00:00,-14.6
2011-05-12 00:00:00,-4.73
2011-05-05 00:00:00,3.59
2011-04-28 00:00:00,7.25
2011-04-21 00:00:00,1.17
2011-04-14 00:00:00,11.26
2011-04-07 00:00:00,14.74
2011-03-31 00:00:00,10.74
2011-03-24 00:00:00,2.77
2011-03-17 00:00:00,-11.63
2011-03-10 00:00:00,3.65
2011-03-03 00:00:00,3.63
2011-02-24 00:00:00,0.49
2011-02-17 00:00:00,21.01
2011-02-10 00:00:00,22.49
2011-02-03 00:00:00,24.67
2011-01-27 00:00:00,7.75
2011-01-20 00:00:00,21.65
2011-01-13 00:00:00,28.9
2011-01-06 00:00:00,37.63
2010-12-30 00:00:00,31.56
2010-12-23 00:00:00,46.88
2010-12-16 00:00:00,23.08
2010-12-09 00:00:00,30.49
2010-12-02 00:00:00,23.45
2010-11-25 00:00:00,22.72
2010-11-18 00:00:00,7.5
2010-11-11 00:00:00,29.07
2010-11-04 00:00:00,18.44
2010-10-28 00:00:00,29.63
2010-10-21 00:00:00,24.43
2010-10-14 00:00:00,20.29
2010-10-07 00:00:00,21.29
2010-09-30 00:00:00,10.92
2010-09-23 00:00:00,19.57
2010-09-16 00:00:00,26.63
2010-09-09 00:00:00,12.26
2010-09-02 00:00:00,-11.41
2010-08-26 00:00:00,-28.73
2010-08-19 00:00:00,-12.36
2010-08-12 00:00:00,9.64
2010-08-05 00:00:00,-7.85
2010-07-29 00:00:00,6.67
2010-07-22 00:00:00,-12.87
2010-07-15 00:00:00,1.57
2010-07-08 00:00:00,-36.13
2010-07-01 00:00:00,-17.31
2010-06-24 00:00:00,2.03
2010-06-17 00:00:00,11.79
2010-06-10 00:00:00,-8.62
2010-06-03 00:00:00,-3.76
2010-05-27 00:00:00,-21.05
2010-05-20 00:00:00,7.6
2010-05-13 00:00:00,0.0
2010-05-06 00:00:00,10.56
2010-04-29 00:00:00,12.72
2010-04-22 00:00:00,3.87
2010-04-15 00:00:00,18.78
2010-04-08 00:00:00,12.5
2010-04-01 00:00:00,10.14
2010-03-25 00:00:00,-2.27
2010-03-18 00:00:00,5.49
2010-03-11 00:00:00,20.0
2010-03-04 00:00:00,9.65
2010-02-25 00:00:00,5.36
2010-02-18 00:00:00,0.63
2010-02-11 00:00:00,-5.13
2010-02-04 00:00:00,-13.85
2010-01-28 00:00:00,-1.67
2010-01-21 00:00:00,5.26
2010-01-14 00:00:00,20.52
2010-01-07 00:00:00,15.0
2009-12-31 00:00:00,26.23
2009-12-24 00:00:00,0.0
2009-12-17 00:00:00,13.69
2009-12-10 00:00:00,7.31
2009-12-03 00:00:00,7.92
2009-11-26 00:00:00,0.0
2009-11-19 00:00:00,10.91
2009-11-12 00:00:00,0.0
2009-11-05 00:00:00,-33.34
2009-10-29 00:00:00,-8.66
2009-10-22 00:00:00,4.77
2009-10-15 00:00:00,13.52
2009-10-08 00:00:00,-6.14
2009-10-01 00:00:00,8.07
2009-09-24 00:00:00,-5.46
2009-09-17 00:00:00,2.14
2009-09-10 00:00:00,-6.67
2009-09-03 00:00:00,0.0
2009-08-27 00:00:00,-14.56
2009-08-20 00:00:00,-5.93
2009-08-13 00:00:00,18.0
2009-08-06 00:00:00,14.84
2009-07-30 00:00:00,16.27
2009-07-23 00:00:00,-4.8
2009-07-16 00:00:00,-18.38
2009-07-09 00:00:00,-26.74
2009-07-02 00:00:00,-6.75
2009-06-25 00:00:00,-20.8
2009-06-18 00:00:00,-13.1
2009-06-11 00:00:00,0.0
2009-06-04 00:00:00,10.97
2009-05-28 00:00:00,-8.25
2009-05-21 00:00:00,-11.63
2009-05-14 00:00:00,8.57
2009-05-07 00:00:00,10.76
2009-04-30 00:00:00,-7.52
2009-04-23 00:00:00,-6.82
2009-04-16 00:00:00,8.28
2009-04-09 00:00:00,-8.58
2009-04-02 00:00:00,5.6
2009-03-26 00:00:00,-3.26
2009-03-19 00:00:00,6.79
2009-03-12 00:00:00,-26.83
2009-03-05 00:00:00,-51.35
2009-02-26 00:00:00,-30.84
2009-02-19 00:00:00,-35.08
2009-02-12 00:00:00,-6.33
2009-02-05 00:00:00,-19.4
2009-01-29 00:00:00,-21.98
2009-01-22 00:00:00,-19.11
2009-01-15 00:00:00,-19.74
2009-01-08 00:00:00,13.64
2009-01-01 00:00:00,-30.67
2008-12-25 00:00:00,-14.91
2008-12-18 00:00:00,4.11
2008-12-11 00:00:00,-2.34
2008-12-04 00:00:00,-21.11
2008-11-27 00:00:00,-13.64
2008-11-20 00:00:00,-32.77
2008-11-13 00:00:00,-4.17
2008-11-06 00:00:00,11.5
2008-10-30 00:00:00,-3.43
2008-10-23 00:00:00,0.0
2008-10-16 00:00:00,1.17
2008-10-09 00:00:00,-29.37
2008-10-02 00:00:00,-21.67
2008-09-25 00:00:00,-11.7
2008-09-18 00:00:00,-27.21
2008-09-11 00:00:00,-25.61
2008-09-04 00:00:00,-6.17
2008-08-28 00:00:00,-14.77
2008-08-21 00:00:00,0.8
2008-08-14 00:00:00,3.9
2008-08-07 00:00:00,-6.81
2008-07-31 00:00:00,-1.18
2008-07-24 00:00:00,-8.21
2008-07-17 00:00:00,-33.14
2008-07-10 00:00:00,-33.0
2008-07-03 00:00:00,-28.21
2008-06-26 00:00:00,-21.02
2008-06-19 00:00:00,-12.76
2008-06-12 00:00:00,-22.32
2008-06-05 00:00:00,5.44
2008-05-29 00:00:00,-14.4
2008-05-22 00:00:00,12.04
2008-05-15 00:00:00,15.48
2008-05-08 00:00:00,28.09
2008-05-01 00:00:00,26.97
2008-04-24 00:00:00,19.17
2008-04-17 00:00:00,-18.32
2008-04-10 00:00:00,8.47
2008-04-03 00:00:00,-2.66
2008-03-27 00:00:00,8.0
2008-03-20 00:00:00,-29.06
2008-03-13 00:00:00,-38.73
2008-03-06 00:00:00,-29.67
2008-02-28 00:00:00,-10.95
2008-02-21 00:00:00,-11.52
2008-02-14 00:00:00,-8.53
2008-02-07 00:00:00,-13.09
2008-01-31 00:00:00,-18.79
2008-01-24 00:00:00,-33.88
2008-01-17 00:00:00,-30.14
2008-01-10 00:00:00,-39.25
2008-01-03 00:00:00,-29.53
2007-12-27 00:00:00,-20.0
2007-12-20 00:00:00,-11.32
2007-12-13 00:00:00,11.91
2007-12-06 00:00:00,0.81
2007-11-29 00:00:00,-27.55
2007-11-22 00:00:00,-27.13
2007-11-15 00:00:00,-16.5
2007-11-08 00:00:00,-15.24
2007-11-01 00:00:00,8.24
2007-10-25 00:00:00,-16.96
2007-10-18 00:00:00,6.25
2007-10-11 00:00:00,28.87
2007-10-04 00:00:00,26.51
2007-09-27 00:00:00,15.19
2007-09-20 00:00:00,7.59
2007-09-13 00:00:00,4.71
2007-09-06 00:00:00,-4.04
2007-08-30 00:00:00,-5.97
2007-08-23 00:00:00,-1.84
2007-08-16 00:00:00,-3.34
2007-08-09 00:00:00,6.78
2007-08-02 00:00:00,5.88
2007-07-26 00:00:00,7.37
2007-07-19 00:00:00,5.06
2007-07-12 00:00:00,13.64
2007-07-05 00:00:00,10.96
2007-06-28 00:00:00,3.25
2007-06-21 00:00:00,9.48
2007-06-14 00:00:00,-6.35
2007-06-07 00:00:00,-1.98
2007-05-31 00:00:00,-11.46
2007-05-24 00:00:00,-1.2
2007-05-17 00:00:00,1.78
2007-05-10 00:00:00,0.0
2007-05-03 00:00:00,-25.72
2007-04-26 00:00:00,1.27
2007-04-19 00:00:00,17.35
2007-04-12 00:00:00,2.82
2007-04-05 00:00:00,-7.52
2007-03-29 00:00:00,17.07
2007-03-22 00:00:00,10.79
2007-03-15 00:00:00,-12.37
2007-03-08 00:00:00,-9.09
2007-03-01 00:00:00,-2.97
2007-02-22 00:00:00,31.54
2007-02-15 00:00:00,16.5
2007-02-08 00:00:00,16.15
2007-02-01 00:00:00,15.79
2007-01-25 00:00:00,6.18
2007-01-18 00:00:00,30.51
2007-01-11 00:00:00,10.18
2007-01-04 00:00:00,19.83
2006-12-28 00:00:00,10.0
2006-12-21 00:00:00,-3.45
2006-12-14 00:00:00,3.33
2006-12-07 00:00:00,-2.65
2006-11-30 00:00:00,-7.27
2006-11-23 00:00:00,0.0
2006-11-16 00:00:00,16.03
2006-11-09 00:00:00,24.09
2006-11-02 00:00:00,6.87
2006-10-26 00:00:00,21.74
2006-10-19 00:00:00,24.43
2006-10-12 00:00:00,11.22
2006-10-05 00:00:00,-8.89
2006-09-28 00:00:00,18.43
2006-09-21 00:00:00,13.52
2006-09-14 00:00:00,9.59
2006-09-07 00:00:00,13.08
2006-08-31 00:00:00,15.73
2006-08-24 00:00:00,1.93
2006-08-17 00:00:00,-5.26
2006-08-10 00:00:00,-4.87
2006-08-03 00:00:00,-15.73
2006-07-27 00:00:00,-8.14
2006-07-20 00:00:00,-33.95
2006-07-13 00:00:00,-2.92
2006-07-06 00:00:00,-4.92
2006-06-29 00:00:00,-1.17
2006-06-22 00:00:00,-7.2
2006-06-15 00:00:00,-28.57
2006-06-08 00:00:00,-18.85
2006-06-01 00:00:00,-19.23
2006-05-25 00:00:00,-12.5
2006-05-18 00:00:00,-4.25
2006-05-11 00:00:00,27.45
2006-05-04 00:00:00,12.33
2006-04-27 00:00:00,6.15
2006-04-20 00:00:00,-7.1
2006-04-13 00:00:00,17.52
2006-04-06 00:00:00,24.41
2006-03-30 00:00:00,4.65
2006-03-23 00:00:00,16.25
2006-03-16 00:00:00,13.79
2006-03-09 00:00:00,10.44
2006-03-02 00:00:00,11.81
2006-02-23 00:00:00,14.81
2006-02-16 00:00:00,4.47
2006-02-09 00:00:00,5.61
2006-02-02 00:00:00,11.37
2006-01-26 00:00:00,-2.56
2006-01-19 00:00:00,24.17
2006-01-12 00:00:00,39.88
2006-01-05 00:00:00,-10.87
2005-12-29 00:00:00,0.79
2005-12-22 00:00:00,12.82
2005-12-15 00:00:00,24.03
2005-12-08 00:00:00,30.52
2005-12-01 00:00:00,29.01
2005-11-24 00:00:00,41.33
2005-11-17 00:00:00,31.84
2005-11-10 00:00:00,35.63
2005-11-03 00:00:00,15.39
2005-10-27 00:00:00,-14.1
2005-10-20 00:00:00,7.18
2005-10-13 00:00:00,-9.09
2005-10-06 00:00:00,22.58
2005-09-29 00:00:00,-7.25
2005-09-22 00:00:00,7.01
2005-09-15 00:00:00,22.86
2005-09-08 00:00:00,9.62
2005-09-01 00:00:00,-5.89
2005-08-25 00:00:00,4.81
2005-08-18 00:00:00,-11.11
2005-08-11 00:00:00,10.89
2005-08-04 00:00:00,21.74
2005-07-28 00:00:00,39.87
2005-07-21 00:00:00,13.73
2005-07-14 00:00:00,43.85
2005-07-07 00:00:00,22.5807
2005-06-30 00:00:00,16.44
2005-06-23 00:00:00,28.41
2005-06-16 00:00:00,29.22
2005-06-09 00:00:00,26.44
2005-06-02 00:00:00,29.17
2005-05-26 00:00:00,20.72
2005-05-19 00:00:00,10.27
2005-05-12 00:00:00,-5.84
2005-05-05 00:00:00,-16.33
2005-04-28 00:00:00,-4.96
2005-04-21 00:00:00,3.95
2005-04-14 00:00:00,-25.28
2005-04-07 00:00:00,-16.13
2005-03-31 00:00:00,-22.55
2005-03-24 00:00:00,-18.71
2005-03-17 00:00:00,0.0
2005-03-10 00:00:00,24.83
2005-03-03 00:00:00,12.35
2005-02-24 00:00:00,0.0
2005-02-17 00:00:00,6.49
2005-02-10 00:00:00,20.83
2005-02-03 00:00:00,16.67
2005-01-27 00:00:00,-10.0
2005-01-20 00:00:00,0.0
2005-01-13 00:00:00,-5.88
2005-01-06 00:00:00,3.58
2004-12-30 00:00:00,40.14
2004-12-23 00:00:00,42.05
2004-12-16 00:00:00,33.34
2004-12-09 00:00:00,26.12
2004-12-02 00:00:00,31.35
2004-11-24 00:00:00,22.68
2004-11-18 00:00:00,41.66
2004-11-11 00:00:00,40.91
2004-11-04 00:00:00,34.28
2004-10-28 00:00:00,10.58
2004-10-21 00:00:00,13.72
2004-10-14 00:00:00,16.47
2004-10-07 00:00:00,37.22
2004-09-30 00:00:00,1.78
2004-09-23 00:00:00,24.4
2004-09-16 00:00:00,13.63
2004-09-09 00:00:00,26.74
2004-09-02 00:00:00,13.21
2004-08-26 00:00:00,16.11
2004-08-19 00:00:00,0.0
2004-08-12 00:00:00,-1.43
2004-08-05 00:00:00,-2.81
2004-07-29 00:00:00,-2.0
2004-07-22 00:00:00,11.9
2004-07-15 00:00:00,23.69
2004-07-08 00:00:00,33.67
2004-07-01 00:00:00,41.21
2004-06-24 00:00:00,33.33
2004-06-17 00:00:00,13.28
2004-06-10 00:00:00,39.47
2004-06-03 00:00:00,7.14
2004-05-27 00:00:00,-4.17
2004-05-20 00:00:00,-3.33
2004-05-13 00:00:00,-10.53
2004-05-06 00:00:00,11.86
2004-04-29 00:00:00,28.79
2004-04-22 00:00:00,27.5
2004-04-15 00:00:00,50.0
2004-04-08 00:00:00,38.51
2004-04-01 00:00:00,32.76
2004-03-25 00:00:00,-11.11
2004-03-18 00:00:00,12.28
2004-03-11 00:00:00,7.74
2004-03-04 00:00:00,34.79
2004-02-26 00:00:00,11.05
2004-02-19 00:00:00,35.48
2004-02-12 00:00:00,41.47
2004-02-05 00:00:00,29.09
2004-01-29 00:00:00,41.88
2004-01-22 00:00:00,56.1
2004-01-15 00:00:00,56.18
2004-01-08 00:00:00,49.25
2004-01-01 00:00:00,48.93
2003-12-26 00:00:00,48.28
2003-12-18 00:00:00,40.81
2003-12-11 00:00:00,34.21
2003-12-04 00:00:00,54.96
2003-11-27 00:00:00,39.63
2003-11-20 00:00:00,32.26
2003-11-13 00:00:00,38.89
2003-11-06 00:00:00,40.91
2003-10-30 00:00:00,39.06
2003-10-23 00:00:00,36.11
2003-10-16 00:00:00,46.55
2003-10-09 00:00:00,34.35
2003-10-02 00:00:00,21.43
2003-09-25 00:00:00,34.95
2003-09-18 00:00:00,43.14
2003-09-11 00:00:00,40.7
2003-09-04 00:00:00,45.91
2003-08-28 00:00:00,34.02
2003-08-21 00:00:00,44.44
2003-08-14 00:00:00,26.96
2003-08-07 00:00:00,12.98
2003-07-31 00:00:00,35.39
2003-07-24 00:00:00,21.33
2003-07-17 00:00:00,22.69
2003-07-10 00:00:00,12.16
2003-07-03 00:00:00,5.89
2003-06-26 00:00:00,62.86
2003-06-19 00:00:00,20.51
2003-06-12 00:00:00,20.83
2003-06-05 00:00:00,32.8
2003-05-29 00:00:00,48.57
2003-05-22 00:00:00,2.88
2003-05-15 00:00:00,46.51
2003-05-08 00:00:00,34.4
2003-05-01 00:00:00,22.86
2003-04-24 00:00:00,44.0
2003-04-17 00:00:00,14.82
2003-04-10 00:00:00,7.69
2003-04-03 00:00:00,-5.89
2003-03-27 00:00:00,6.73
2003-03-20 00:00:00,4.76
2003-03-13 00:00:00,-17.14
2003-03-06 00:00:00,-6.06
2003-02-27 00:00:00,-21.13
2003-02-20 00:00:00,-36.84
2003-02-13 00:00:00,-16.2
2003-02-06 00:00:00,-2.85
2003-01-30 00:00:00,-22.34
2003-01-23 00:00:00,-18.18
2003-01-16 00:00:00,0.0
2003-01-09 00:00:00,-4.76
2003-01-02 00:00:00,-5.41
2002-12-26 00:00:00,8.0
2002-12-19 00:00:00,12.86
2002-12-12 00:00:00,17.24
2002-12-05 00:00:00,35.29
2002-11-28 00:00:00,19.15
2002-11-21 00:00:00,29.21
2002-11-14 00:00:00,16.22
2002-11-07 00:00:00,23.68
2002-10-31 00:00:00,23.53
2002-10-24 00:00:00,10.85
2002-10-17 00:00:00,0.0
2002-10-10 00:00:00,-25.96
2002-10-03 00:00:00,-12.68
2002-09-26 00:00:00,-22.55
2002-09-19 00:00:00,-9.46
2002-09-12 00:00:00,1.37
2002-09-05 00:00:00,-18.52
2002-08-29 00:00:00,20.97
2002-08-22 00:00:00,4.17
2002-08-15 00:00:00,-3.45
2002-08-08 00:00:00,-1.64
2002-08-01 00:00:00,2.63
2002-07-25 00:00:00,-20.93
2002-07-18 00:00:00,-27.5
2002-07-11 00:00:00,-7.22
2002-07-03 00:00:00,-20.32
2002-06-27 00:00:00,-15.05
2002-06-20 00:00:00,20.0
2002-06-13 00:00:00,-1.82
2002-06-06 00:00:00,-6.55
2002-05-29 00:00:00,-11.96
2002-05-23 00:00:00,-14.29
2002-05-16 00:00:00,8.49
2002-05-09 00:00:00,-10.53
2002-05-02 00:00:00,-6.3
2002-04-25 00:00:00,13.34
2002-04-18 00:00:00,17.03
2002-04-11 00:00:00,-5.12
2002-04-04 00:00:00,20.24
2002-03-28 00:00:00,27.9
2002-03-21 00:00:00,41.94
2002-03-14 00:00:00,41.93
2002-03-07 00:00:00,37.78
2002-02-28 00:00:00,24.07
2002-02-21 00:00:00,10.91
2002-02-14 00:00:00,29.03
2002-02-07 00:00:00,14.57
2002-01-31 00:00:00,22.72
2002-01-24 00:00:00,4.08
2002-01-17 00:00:00,0.0
2002-01-10 00:00:00,32.87
2002-01-03 00:00:00,26.67
2001-12-27 00:00:00,30.77
2001-12-20 00:00:00,26.23
2001-12-13 00:00:00,47.36
2001-12-06 00:00:00,34.69
2001-11-29 00:00:00,49.33
2001-11-22 00:00:00,33.33
2001-11-15 00:00:00,12.12
2001-11-08 00:00:00,-7.69
2001-11-01 00:00:00,1.67
2001-10-25 00:00:00,38.23
2001-10-18 00:00:00,39.43
2001-10-11 00:00:00,19.3
2001-10-04 00:00:00,21.95
2001-09-27 00:00:00,28.89
2001-09-20 00:00:00,-13.51
2001-09-13 00:00:00,-10.0
2001-09-06 00:00:00,-3.37
2001-08-30 00:00:00,8.57
2001-08-23 00:00:00,3.45
2001-08-16 00:00:00,-2.08
2001-08-09 00:00:00,7.23
2001-08-02 00:00:00,0.0
2001-07-26 00:00:00,-8.58
2001-07-19 00:00:00,34.78
2001-07-12 00:00:00,-10.99
2001-07-05 00:00:00,22.22
2001-06-28 00:00:00,-2.53
2001-06-21 00:00:00,10.0
2001-06-14 00:00:00,8.48
2001-06-07 00:00:00,17.02
2001-05-31 00:00:00,20.78
2001-05-24 00:00:00,45.23
2001-05-17 00:00:00,32.94
2001-05-10 00:00:00,35.55
2001-05-03 00:00:00,41.89
2001-04-26 00:00:00,15.52
2001-04-19 00:00:00,12.5
2001-04-12 00:00:00,-10.61
2001-04-05 00:00:00,-3.6
2001-03-29 00:00:00,9.8
2001-03-22 00:00:00,-19.44
2001-03-15 00:00:00,-5.45
2001-03-08 00:00:00,0.0
2001-03-01 00:00:00,12.17
2001-02-22 00:00:00,-12.28
2001-02-15 00:00:00,8.69
2001-02-08 00:00:00,41.12
2001-02-01 00:00:00,30.77
2001-01-25 00:00:00,23.08
2001-01-18 00:00:00,12.2
2001-01-11 00:00:00,-7.15
2001-01-04 00:00:00,18.52
2000-12-28 00:00:00,8.0
2000-12-21 00:00:00,-20.0
2000-12-14 00:00:00,26.93
2000-12-07 00:00:00,9.81
2000-11-30 00:00:00,43.75
2000-11-23 00:00:00,0.0
2000-11-16 00:00:00,29.16
2000-11-09 00:00:00,54.29
2000-11-02 00:00:00,29.03
2000-10-26 00:00:00,46.15
2000-10-19 00:00:00,24.45
2000-10-12 00:00:00,9.75
2000-10-05 00:00:00,16.13
2000-09-28 00:00:00,46.66
2000-09-21 00:00:00,25.0
2000-09-14 00:00:00,17.65
2000-09-07 00:00:00,54.17
2000-08-31 00:00:00,38.23
2000-08-23 00:00:00,34.61
2000-08-17 00:00:00,40.63
2000-08-10 00:00:00,42.62
2000-08-03 00:00:00,17.39
2000-07-27 00:00:00,22.86
2000-07-20 00:00:00,54.67
2000-07-13 00:00:00,45.0
2000-07-06 00:00:00,40.25
2000-06-22 00:00:00,-13.33
2000-06-15 00:00:00,25.0
2000-06-08 00:00:00,38.46
2000-06-01 00:00:00,4.17
2000-05-25 00:00:00,-1.59
2000-05-18 00:00:00,-5.89
2000-05-11 00:00:00,4.65
2000-05-04 00:00:00,0.0
2000-04-27 00:00:00,46.77
2000-04-20 00:00:00,41.18
2000-04-13 00:00:00,22.22
2000-04-06 00:00:00,25.0
2000-03-30 00:00:00,-11.11
2000-03-23 00:00:00,45.71
2000-03-16 00:00:00,23.33
2000-03-08 00:00:00,41.66
2000-03-02 00:00:00,13.34
2000-02-24 00:00:00,10.35
2000-02-17 00:00:00,3.03
2000-02-10 00:00:00,13.95
2000-02-03 00:00:00,26.67
2000-01-27 00:00:00,33.33
2000-01-20 00:00:00,39.28
2000-01-13 00:00:00,40.74
2000-01-06 00:00:00,61.67
1999-12-30 00:00:00,45.0
1999-12-23 00:00:00,35.0
1999-12-16 00:00:00,34.0
1999-12-09 00:00:00,51.0
1999-12-02 00:00:00,49.0
1999-11-24 00:00:00,38.0
1999-11-18 00:00:00,24.0
1999-11-11 00:00:00,22.0
1999-11-04 00:00:00,21.0
1999-10-28 00:00:00,14.0
1999-10-21 00:00:00,13.0
1999-10-14 00:00:00,23.0
1999-10-07 00:00:00,6.0
1999-09-30 00:00:00,12.0
1999-09-23 00:00:00,8.0
1999-09-16 00:00:00,15.0
1999-09-09 00:00:00,12.0
1999-09-02 00:00:00,26.0
1999-08-26 00:00:00,10.0
1999-08-19 00:00:00,8.0
1999-08-12 00:00:00,0.0
1999-08-05 00:00:00,6.0
1999-07-29 00:00:00,22.0
1999-07-22 00:00:00,33.0
1999-07-15 00:00:00,36.0
1999-07-08 00:00:00,22.0
1999-07-01 00:00:00,8.0
1999-06-24 00:00:00,-1.0
1999-06-17 00:00:00,11.0
1999-06-10 00:00:00,4.0
1999-06-03 00:00:00,0.0
1999-05-27 00:00:00,18.0
1999-05-20 00:00:00,17.0
1999-05-13 00:00:00,17.0
1999-05-06 00:00:00,40.0
1999-04-29 00:00:00,14.0
1999-04-22 00:00:00,8.0
1999-04-15 00:00:00,13.0
1999-04-08 00:00:00,10.0
1999-04-01 00:00:00,15.0
1999-03-25 00:00:00,9.0
1999-03-18 00:00:00,27.0
1999-03-11 00:00:00,16.0
1999-03-04 00:00:00,17.0
1999-02-25 00:00:00,13.0
1999-02-18 00:00:00,13.0
1999-02-11 00:00:00,31.0
1999-02-04 00:00:00,34.0
1999-01-28 00:00:00,27.0
1999-01-21 00:00:00,36.0
1999-01-14 00:00:00,30.0
1999-01-07 00:00:00,15.0
1998-12-31 00:00:00,19.0
1998-12-23 00:00:00,2.0
1998-12-17 00:00:00,16.0
1998-12-10 00:00:00,18.0
1998-12-03 00:00:00,28.0
1998-11-25 00:00:00,31.0
1998-11-19 00:00:00,22.0
1998-11-12 00:00:00,36.0
1998-11-05 00:00:00,18.0
1998-10-29 00:00:00,22.0
1998-10-22 00:00:00,-1.0
1998-10-15 00:00:00,-16.0
1998-10-08 00:00:00,-7.0
1998-10-01 00:00:00,-1.0
1998-09-24 00:00:00,6.0
1998-09-17 00:00:00,3.0
1998-09-10 00:00:00,-11.0
1998-09-03 00:00:00,-17.0
1998-08-27 00:00:00,-22.0
1998-08-20 00:00:00,-8.0
1998-08-13 00:00:00,-8.0
1998-08-06 00:00:00,4.0
1998-07-30 00:00:00,24.0
1998-07-23 00:00:00,13.0
1998-07-16 00:00:00,14.0
1998-07-09 00:00:00,16.0
1998-07-02 00:00:00,14.0
1998-06-25 00:00:00,0.0
1998-06-18 00:00:00,-4.0
1998-06-11 00:00:00,3.0
1998-06-04 00:00:00,-6.0
1998-05-28 00:00:00,8.0
1998-05-21 00:00:00,15.0
1998-05-14 00:00:00,7.0
1998-05-07 00:00:00,20.0
1998-04-30 00:00:00,19.0
1998-04-23 00:00:00,18.0
1998-04-16 00:00:00,38.0
1998-04-09 00:00:00,18.0
1998-04-02 00:00:00,24.0
1998-03-26 00:00:00,25.0
1998-03-19 00:00:00,18.0
1998-03-12 00:00:00,24.0
1998-03-05 00:00:00,40.0
1998-02-26 00:00:00,39.0
1998-02-19 00:00:00,27.0
1998-02-12 00:00:00,26.0
1998-02-05 00:00:00,5.0
1998-01-30 00:00:00,18.0
1998-01-23 00:00:00,1.0
1998-01-16 00:00:00,21.0
1998-01-08 00:00:00,24.0
1997-12-31 00:00:00,3.0
1997-12-24 00:00:00,18.0
1997-12-18 00:00:00,21.0
1997-12-11 00:00:00,29.0
1997-12-04 00:00:00,31.0
1997-11-26 00:00:00,20.0
1997-11-20 00:00:00,18.0
1997-11-13 00:00:00,28.0
1997-11-06 00:00:00,13.0
1997-10-30 00:00:00,18.0
1997-10-23 00:00:00,26.0
1997-10-16 00:00:00,22.0
1997-10-09 00:00:00,29.0
1997-10-02 00:00:00,19.0
1997-09-25 00:00:00,20.0
1997-09-18 00:00:00,24.0
1997-09-11 00:00:00,20.0
1997-09-04 00:00:00,12.0
1997-08-28 00:00:00,28.0
1997-08-21 00:00:00,27.0
1997-08-14 00:00:00,28.0
1997-08-07 00:00:00,26.0
1997-07-31 00:00:00,22.0
1997-07-24 00:00:00,31.0
1997-07-17 00:00:00,38.0
1997-07-10 00:00:00,31.0
1997-07-03 00:00:00,20.0
1997-06-26 00:00:00,29.0
1997-06-19 00:00:00,44.0
1997-06-12 00:00:00,33.0
1997-06-05 00:00:00,37.0
1997-05-29 00:00:00,20.0
1997-05-22 00:00:00,15.0
1997-05-15 00:00:00,18.0
1997-05-08 00:00:00,4.0
1997-05-01 00:00:00,-2.0
1997-04-24 00:00:00,-4.0
1997-04-17 00:00:00,3.0
1997-04-10 00:00:00,-11.0
1997-04-03 00:00:00,-2.0
1997-03-27 00:00:00,-6.0
1997-03-20 00:00:00,14.0
1997-03-13 00:00:00,4.0
1997-03-06 00:00:00,23.0
1997-02-27 00:00:00,48.0
1997-02-20 00:00:00,24.0
1997-02-13 00:00:00,27.0
1997-02-06 00:00:00,23.0
1997-01-30 00:00:00,35.0
1997-01-23 00:00:00,15.0
1997-01-16 00:00:00,16.0
1997-01-09 00:00:00,11.0
1997-01-02 00:00:00,19.0
1996-12-26 00:00:00,7.0
1996-12-19 00:00:00,-6.0
1996-12-12 00:00:00,8.0
1996-12-05 00:00:00,8.0
1996-11-27 00:00:00,31.0
1996-11-21 00:00:00,16.0
1996-11-14 00:00:00,8.0
1996-11-07 00:00:00,-3.0
1996-10-31 00:00:00,3.0
1996-10-24 00:00:00,17.0
1996-10-17 00:00:00,14.0
1996-10-10 00:00:00,12.0
1996-10-03 00:00:00,11.0
1996-09-26 00:00:00,7.0
1996-09-19 00:00:00,-3.0
1996-09-12 00:00:00,-2.0
1996-09-05 00:00:00,-7.0
1996-08-29 00:00:00,-1.0
1996-08-22 00:00:00,2.0
1996-08-15 00:00:00,23.0
1996-08-08 00:00:00,-4.0
1996-08-01 00:00:00,-4.0
1996-07-25 00:00:00,-8.0
1996-07-18 00:00:00,3.0
1996-07-11 00:00:00,15.0
1996-07-03 00:00:00,8.0
1996-06-27 00:00:00,25.0
1996-06-20 00:00:00,16.0
1996-06-13 00:00:00,26.0
1996-06-06 00:00:00,22.0
1996-05-30 00:00:00,51.0
1996-05-23 00:00:00,37.0
1996-05-16 00:00:00,14.0
1996-05-09 00:00:00,30.0
1996-05-02 00:00:00,27.0
1996-04-25 00:00:00,-4.0
1996-04-18 00:00:00,10.0
1996-04-11 00:00:00,22.0
1996-04-04 00:00:00,23.0
1996-03-28 00:00:00,21.0
1996-03-21 00:00:00,25.0
1996-03-14 00:00:00,7.0
1996-03-07 00:00:00,16.0
1996-02-29 00:00:00,18.0
1996-02-22 00:00:00,20.0
1996-02-15 00:00:00,29.0
1996-02-08 00:00:00,37.0
1996-02-01 00:00:00,39.0
1996-01-25 00:00:00,12.0
1996-01-18 00:00:00,13.0
1996-01-04 00:00:00,28.0
1995-12-28 00:00:00,26.0
1995-12-21 00:00:00,24.0
1995-12-14 00:00:00,25.0
1995-12-07 00:00:00,24.0
1995-11-30 00:00:00,32.0
1995-11-22 00:00:00,14.0
1995-11-16 00:00:00,23.0
1995-11-09 00:00:00,33.0
1995-11-02 00:00:00,28.0
1995-10-26 00:00:00,25.0
1995-10-19 00:00:00,26.0
1995-10-12 00:00:00,12.0
1995-10-05 00:00:00,15.0
1995-09-28 00:00:00,11.0
1995-09-21 00:00:00,17.0
1995-09-14 00:00:00,24.0
1995-09-07 00:00:00,10.0
1995-08-31 00:00:00,18.0
1995-08-24 00:00:00,-2.0
1995-08-17 00:00:00,15.0
1995-08-10 00:00:00,10.0
1995-08-03 00:00:00,10.0
1995-07-27 00:00:00,8.0
1995-07-20 00:00:00,16.0
1995-07-13 00:00:00,6.0
1995-07-06 00:00:00,4.0
1995-06-29 00:00:00,-2.0
1995-06-22 00:00:00,17.0
1995-06-15 00:00:00,3.0
1995-06-08 00:00:00,13.0
1995-06-01 00:00:00,12.0
1995-05-25 00:00:00,14.0
1995-05-18 00:00:00,7.0
1995-05-11 00:00:00,14.0
1995-05-04 00:00:00,11.0
1995-04-27 00:00:00,33.0
1995-04-20 00:00:00,1.0
1995-04-13 00:00:00,3.0
1995-04-06 00:00:00,9.0
1995-03-30 00:00:00,27.0
1995-03-23 00:00:00,24.0
1995-03-16 00:00:00,19.0
1995-03-09 00:00:00,30.0
1995-03-02 00:00:00,32.0
1995-02-23 00:00:00,29.0
1995-02-16 00:00:00,23.0
1995-02-09 00:00:00,11.0
1995-02-02 00:00:00,13.0
1995-01-26 00:00:00,13.0
1995-01-19 00:00:00,13.0
1995-01-12 00:00:00,14.0
1995-01-05 00:00:00,19.0
1994-12-29 00:00:00,23.0
1994-12-22 00:00:00,9.0
1994-12-15 00:00:00,1.0
1994-12-08 00:00:00,-5.0
1994-11-30 00:00:00,18.0
1994-11-23 00:00:00,10.0
1994-11-17 00:00:00,0.0
1994-11-10 00:00:00,5.0
1994-11-03 00:00:00,15.0
1994-10-27 00:00:00,24.0
1994-10-20 00:00:00,11.0
1994-10-13 00:00:00,9.0
1994-10-06 00:00:00,5.0
1994-09-29 00:00:00,8.0
1994-09-22 00:00:00,10.0
1994-09-15 00:00:00,15.0
1994-09-08 00:00:00,27.0
1994-09-01 00:00:00,20.0
1994-08-25 00:00:00,3.0
1994-08-18 00:00:00,0.0
1994-08-11 00:00:00,5.0
1994-08-04 00:00:00,-4.0
1994-07-28 00:00:00,-4.0
1994-07-21 00:00:00,6.0
1994-07-14 00:00:00,-10.0
1994-07-07 00:00:00,-12.0
1994-06-30 00:00:00,1.0
1994-06-23 00:00:00,3.0
1994-06-16 00:00:00,6.0
1994-06-09 00:00:00,3.0
1994-06-02 00:00:00,14.0
1994-05-26 00:00:00,-9.0
1994-05-19 00:00:00,-20.0
1994-05-12 00:00:00,8.0
1994-05-05 00:00:00,-4.0
1994-04-28 00:00:00,-11.0
1994-04-21 00:00:00,-7.0
1994-04-14 00:00:00,-19.0
1994-04-07 00:00:00,-13.0
1994-03-31 00:00:00,-21.0
1994-03-24 00:00:00,-5.0
1994-03-17 00:00:00,-11.0
1994-03-10 00:00:00,-8.0
1994-03-03 00:00:00,4.0
1994-02-24 00:00:00,12.0
1994-02-17 00:00:00,16.0
1994-02-10 00:00:00,25.0
1994-02-03 00:00:00,5.0
1994-01-27 00:00:00,7.0
1994-01-20 00:00:00,22.0
1994-01-13 00:00:00,7.0
1994-01-06 00:00:00,13.0
1993-12-30 00:00:00,16.0
1993-12-23 00:00:00,3.0
1993-12-16 00:00:00,4.0
1993-12-09 00:00:00,13.0
1993-12-02 00:00:00,-2.0
1993-11-24 00:00:00,20.0
1993-11-18 00:00:00,-1.0
1993-11-11 00:00:00,0.0
1993-11-04 00:00:00,0.0
1993-10-29 00:00:00,19.0
1993-10-22 00:00:00,14.0
1993-10-15 00:00:00,0.0
1993-10-08 00:00:00,-5.0
1993-10-01 00:00:00,-14.0
1993-09-24 00:00:00,-4.0
1993-09-17 00:00:00,-2.0
1993-09-10 00:00:00,-10.0
1993-09-03 00:00:00,9.0
1993-08-27 00:00:00,-11.0
1993-08-20 00:00:00,-1.0
1993-08-13 00:00:00,-9.0
1993-08-06 00:00:00,-6.0
1993-07-30 00:00:00,-5.0
1993-07-23 00:00:00,-9.0
1993-07-16 00:00:00,-12.0
1993-07-09 00:00:00,-13.0
1993-07-02 00:00:00,-20.0
1993-06-25 00:00:00,-6.0
1993-06-18 00:00:00,-21.0
1993-06-11 00:00:00,-18.0
1993-06-04 00:00:00,5.0
1993-05-28 00:00:00,-15.0
1993-05-21 00:00:00,-24.0
1993-05-14 00:00:00,-19.0
1993-05-07 00:00:00,-13.0
1993-04-30 00:00:00,-19.0
1993-04-23 00:00:00,-2.0
1993-04-16 00:00:00,-3.0
1993-04-09 00:00:00,3.0
1993-04-02 00:00:00,10.0
1993-03-26 00:00:00,20.0
1993-03-19 00:00:00,14.0
1993-03-12 00:00:00,23.0
1993-03-05 00:00:00,-10.0
1993-02-26 00:00:00,0.0
1993-02-19 00:00:00,19.0
1993-02-12 00:00:00,25.0
1993-02-05 00:00:00,22.0
1993-01-29 00:00:00,17.0
1993-01-22 00:00:00,20.0
1993-01-15 00:00:00,40.0
1993-01-08 00:00:00,-11.0
1993-01-01 00:00:00,47.0
1992-12-24 00:00:00,40.0
1992-12-18 00:00:00,53.0
1992-12-11 00:00:00,28.0
1992-12-04 00:00:00,13.0
1992-11-25 00:00:00,23.0
1992-11-20 00:00:00,34.0
1992-11-13 00:00:00,18.0
1992-11-06 00:00:00,25.0
1992-10-30 00:00:00,5.0
1992-10-23 00:00:00,-26.0
1992-10-16 00:00:00,-36.0
1992-10-09 00:00:00,-23.0
1992-10-02 00:00:00,-5.0
1992-09-25 00:00:00,-16.0
1992-09-18 00:00:00,-16.0
1992-09-11 00:00:00,-17.0
1992-09-04 00:00:00,-28.0
1992-08-28 00:00:00,-3.0
1992-08-21 00:00:00,-22.0
1992-08-14 00:00:00,-11.0
1992-08-05 00:00:00,-5.0
1992-07-31 00:00:00,-9.0
1992-07-24 00:00:00,8.0
1992-07-17 00:00:00,-2.0
1992-07-09 00:00:00,-12.0
1992-07-02 00:00:00,-14.0
1992-06-26 00:00:00,12.0
1992-06-19 00:00:00,7.0
1992-06-12 00:00:00,8.0
1992-06-05 00:00:00,22.0
1992-05-29 00:00:00,25.0
1992-05-22 00:00:00,20.0
1992-05-15 00:00:00,17.0
1992-05-08 00:00:00,17.0
1992-05-01 00:00:00,-6.0
1992-04-24 00:00:00,38.0
1992-04-17 00:00:00,12.0
1992-04-10 00:00:00,13.0
1992-04-03 00:00:00,12.0
1992-03-27 00:00:00,21.0
1992-03-20 00:00:00,25.0
1992-03-13 00:00:00,11.0
1992-03-06 00:00:00,19.0
1992-02-28 00:00:00,22.0
1992-02-21 00:00:00,19.0
1992-02-14 00:00:00,20.0
1992-02-07 00:00:00,11.0
1992-01-31 00:00:00,20.0
1992-01-24 00:00:00,17.0
1992-01-17 00:00:00,23.0
1992-01-10 00:00:00,23.0
1992-01-03 00:00:00,18.0
1991-12-27 00:00:00,7.0
1991-12-20 00:00:00,2.0
1991-12-13 00:00:00,2.0
1991-12-06 00:00:00,-22.0
1991-11-27 00:00:00,-7.0
1991-11-22 00:00:00,28.0
1991-11-15 00:00:00,9.0
1991-11-08 00:00:00,0.0
1991-11-01 00:00:00,16.0
1991-10-25 00:00:00,-2.0
1991-10-18 00:00:00,-9.0
1991-10-11 00:00:00,15.0
1991-10-04 00:00:00,0.0
1991-09-27 00:00:00,0.0
1991-09-20 00:00:00,12.0
1991-09-13 00:00:00,25.0
1991-09-06 00:00:00,3.0
1991-08-30 00:00:00,22.0
1991-08-23 00:00:00,0.0
1991-08-16 00:00:00,7.0
1991-08-09 00:00:00,-3.0
1991-08-02 00:00:00,2.0
1991-07-26 00:00:00,12.0
1991-07-19 00:00:00,5.0
1991-07-12 00:00:00,21.0
1991-07-03 00:00:00,-5.0
1991-06-28 00:00:00,-7.0
1991-06-21 00:00:00,28.0
1991-06-14 00:00:00,25.0
1991-06-07 00:00:00,29.0
1991-05-31 00:00:00,19.0
1991-05-24 00:00:00,15.0
1991-05-17 00:00:00,16.0
1991-05-10 00:00:00,10.0
1991-05-03 00:00:00,11.0
1991-04-26 00:00:00,38.0
1991-04-19 00:00:00,17.0
1991-04-12 00:00:00,18.0
1991-04-05 00:00:00,38.0
1991-03-29 00:00:00,22.0
1991-03-22 00:00:00,15.0
1991-03-15 00:00:00,32.0
1991-03-08 00:00:00,21.0
1991-03-01 00:00:00,18.0
1991-02-22 00:00:00,34.0
1991-02-15 00:00:00,22.0
1991-02-08 00:00:00,0.0
1991-02-01 00:00:00,-13.0
1991-01-25 00:00:00,-25.0
1991-01-18 00:00:00,-29.0
1991-01-11 00:00:00,-26.0
1991-01-04 00:00:00,1.0
1990-12-28 00:00:00,-10.0
1990-12-21 00:00:00,-34.0
1990-12-14 00:00:00,-7.0
1990-12-07 00:00:00,-15.0
1990-11-30 00:00:00,-23.0
1990-11-21 00:00:00,-31.0
1990-11-16 00:00:00,-43.0
1990-11-09 00:00:00,-28.0
1990-11-02 00:00:00,-24.0
1990-10-26 00:00:00,-35.0
1990-10-19 00:00:00,-54.0
1990-10-12 00:00:00,-31.0
1990-10-05 00:00:00,-44.0
1990-09-28 00:00:00,-28.0
1990-09-21 00:00:00,-43.0
1990-09-14 00:00:00,-35.0
1990-09-07 00:00:00,-16.0
1990-08-31 00:00:00,-38.0
1990-08-24 00:00:00,-26.0
1990-08-17 00:00:00,-41.0
1990-08-10 00:00:00,-29.0
1990-08-03 00:00:00,-20.0
1990-07-27 00:00:00,28.0
1990-07-20 00:00:00,10.0
1990-07-13 00:00:00,10.0
1990-07-06 00:00:00,-10.0
1990-06-29 00:00:00,-7.0
1990-06-22 00:00:00,0.0
1990-06-15 00:00:00,18.0
1990-06-08 00:00:00,5.0
1990-06-01 00:00:00,2.0
1990-05-25 00:00:00,10.0
1990-05-18 00:00:00,9.0
1990-05-11 00:00:00,-6.0
1990-05-04 00:00:00,-25.0
1990-04-27 00:00:00,-9.0
1990-04-20 00:00:00,11.0
1990-04-12 00:00:00,10.0
1990-04-06 00:00:00,13.0
1990-03-30 00:00:00,3.0
1990-03-23 00:00:00,13.0
1990-03-16 00:00:00,-15.0
1990-03-09 00:00:00,-14.0
1990-03-02 00:00:00,-21.0
1990-02-23 00:00:00,-14.0
1990-02-16 00:00:00,-11.0
1990-02-09 00:00:00,-32.0
1990-02-02 00:00:00,-33.0
1990-01-26 00:00:00,-14.0
1990-01-19 00:00:00,11.0
1990-01-12 00:00:00,28.0
1990-01-05 00:00:00,10.0
1989-12-29 00:00:00,1.0
1989-12-22 00:00:00,4.0
1989-12-15 00:00:00,14.0
1989-12-08 00:00:00,3.0
1989-12-01 00:00:00,-4.0
1989-11-22 00:00:00,-6.0
1989-11-17 00:00:00,-24.0
1989-11-10 00:00:00,-9.0
1989-11-03 00:00:00,5.0
1989-10-27 00:00:00,5.0
1989-10-20 00:00:00,6.0
1989-10-13 00:00:00,8.0
1989-10-06 00:00:00,-9.0
1989-09-29 00:00:00,4.0
1989-09-22 00:00:00,-15.0
1989-09-15 00:00:00,6.0
1989-09-08 00:00:00,-10.0
1989-09-01 00:00:00,-2.0
1989-08-25 00:00:00,14.0
1989-08-18 00:00:00,-2.0
1989-08-11 00:00:00,27.0
1989-08-04 00:00:00,0.0
1989-07-28 00:00:00,7.0
1989-07-21 00:00:00,3.0
1989-07-14 00:00:00,-26.0
1989-07-07 00:00:00,6.0
1989-06-30 00:00:00,14.0
1989-06-23 00:00:00,-12.0
1989-06-16 00:00:00,1.0
1989-06-09 00:00:00,20.0
1989-06-02 00:00:00,11.0
1989-05-26 00:00:00,27.0
1989-05-19 00:00:00,24.0
1989-05-12 00:00:00,19.0
1989-05-05 00:00:00,0.0
1989-04-28 00:00:00,2.0
1989-04-21 00:00:00,-7.0
1989-04-14 00:00:00,-8.0
1989-04-07 00:00:00,-9.0
1989-03-31 00:00:00,-22.0
1989-03-23 00:00:00,-1.0
1989-03-17 00:00:00,-1.0
1989-03-10 00:00:00,-22.0
1989-03-03 00:00:00,-7.0
1989-02-24 00:00:00,3.0
1989-02-17 00:00:00,25.0
1989-02-10 00:00:00,17.0
1989-02-03 00:00:00,10.0
1989-01-27 00:00:00,13.0
1989-01-20 00:00:00,19.0
1989-01-13 00:00:00,16.0
1989-01-06 00:00:00,3.0
1988-12-30 00:00:00,2.0
1988-12-23 00:00:00,-10.0
1988-12-16 00:00:00,2.0
1988-12-09 00:00:00,-22.0
1988-12-02 00:00:00,-15.0
1988-11-25 00:00:00,-22.0
1988-11-18 00:00:00,-6.0
1988-11-11 00:00:00,2.0
1988-11-04 00:00:00,16.0
1988-10-28 00:00:00,18.0
1988-10-21 00:00:00,3.0
1988-10-14 00:00:00,-10.0
1988-10-07 00:00:00,-25.0
1988-09-30 00:00:00,-4.0
1988-09-23 00:00:00,-7.0
1988-09-16 00:00:00,-6.0
1988-09-09 00:00:00,-14.0
1988-09-02 00:00:00,-21.0
1988-08-26 00:00:00,-4.0
1988-08-19 00:00:00,-9.0
1988-08-12 00:00:00,0.0
1988-08-05 00:00:00,-9.0
1988-07-29 00:00:00,0.0
1988-07-22 00:00:00,-10.0
1988-07-15 00:00:00,-11.0
1988-07-08 00:00:00,20.0
1988-07-01 00:00:00,28.0
1988-06-24 00:00:00,10.0
1988-06-17 00:00:00,8.0
1988-06-10 00:00:00,5.0
1988-06-03 00:00:00,14.0
1988-05-27 00:00:00,8.0
1988-05-20 00:00:00,-2.0
1988-05-13 00:00:00,-6.0
1988-05-06 00:00:00,18.0
1988-04-29 00:00:00,-8.0
1988-04-22 00:00:00,3.0
1988-04-15 00:00:00,-1.0
1988-04-08 00:00:00,14.0
1988-04-01 00:00:00,15.0
1988-03-25 00:00:00,28.0
1988-03-18 00:00:00,31.0
1988-03-11 00:00:00,26.0
1988-03-04 00:00:00,16.0
1988-02-26 00:00:00,11.0
1988-02-19 00:00:00,3.0
1988-02-12 00:00:00,10.0
1988-02-05 00:00:00,17.0
1988-01-29 00:00:00,-3.0
1988-01-22 00:00:00,-10.0
1988-01-15 00:00:00,8.0
1988-01-08 00:00:00,14.0
1987-12-31 00:00:00,-1.0
1987-12-24 00:00:00,8.0
1987-12-18 00:00:00,6.0
1987-12-11 00:00:00,-9.0
1987-12-04 00:00:00,-17.0
1987-11-27 00:00:00,0.0
1987-11-20 00:00:00,20.0
1987-11-13 00:00:00,3.0
1987-11-06 00:00:00,25.0
1987-10-30 00:00:00,11.0
1987-10-23 00:00:00,8.0
1987-10-16 00:00:00,4.0
1987-10-09 00:00:00,31.0
1987-10-02 00:00:00,14.0
1987-09-25 00:00:00,23.0
1987-09-18 00:00:00,49.0
1987-09-11 00:00:00,23.0
1987-09-04 00:00:00,1.0
1987-08-28 00:00:00,22.0
1987-08-21 00:00:00,60.0
1987-08-14 00:00:00,25.0
1987-08-07 00:00:00,27.0
1987-07-31 00:00:00,0.0
1987-07-24 00:00:00,22.0
