Period,"US Investor Sentiment, % Bullish"
2019-11-07 00:00:00,40.3023
2019-10-31 00:00:00,33.9759
2019-10-24 00:00:00,35.6021
2019-10-17 00:00:00,33.6182
2019-10-10 00:00:00,20.3085
2019-10-03 00:00:00,21.374
2019-09-26 00:00:00,29.3737
2019-09-19 00:00:00,35.3383
2019-09-12 00:00:00,33.125
2019-09-05 00:00:00,28.642
2019-08-29 00:00:00,26.1307
2019-08-22 00:00:00,26.6355
2019-08-15 00:00:00,23.176
2019-08-08 00:00:00,21.6561
2019-08-01 00:00:00,38.4375
2019-07-25 00:00:00,31.7416
2019-07-18 00:00:00,35.9296
2019-07-11 00:00:00,33.6111
2019-07-03 00:00:00,33.1551
2019-06-27 00:00:00,29.589
2019-06-20 00:00:00,29.5082
2019-06-13 00:00:00,26.8398
2019-06-06 00:00:00,22.5275
2019-05-30 00:00:00,24.7934
2019-05-23 00:00:00,24.7059
2019-05-22 00:00:00,24.7059
2019-05-16 00:00:00,29.8246
2019-05-09 00:00:00,43.1159
2019-05-02 00:00:00,39.0244
2019-04-25 00:00:00,33.5227
2019-04-18 00:00:00,37.5635
2019-04-11 00:00:00,40.2878
2019-04-04 00:00:00,35.0211
2019-03-28 00:00:00,33.2
2019-03-21 00:00:00,37.3016
2019-03-14 00:00:00,32.4232
2019-03-07 00:00:00,37.386
2019-02-28 00:00:00,41.6327
2019-02-21 00:00:00,39.3189
2019-02-14 00:00:00,35.1032
2019-02-07 00:00:00,39.8734
2019-01-31 00:00:00,31.7568
2019-01-24 00:00:00,37.659
2019-01-17 00:00:00,33.5347
2019-01-10 00:00:00,38.4615
2019-01-03 00:00:00,33.0189
2018-12-27 00:00:00,31.5476
2018-12-20 00:00:00,24.8649
2018-12-13 00:00:00,20.904
2018-12-06 00:00:00,37.9433
2018-11-29 00:00:00,33.8816
2018-11-22 00:00:00,25.2525
2018-11-15 00:00:00,35.0877
2018-11-08 00:00:00,41.2844
2018-11-01 00:00:00,37.931
2018-10-25 00:00:00,27.9693
2018-10-18 00:00:00,33.935
2018-10-11 00:00:00,30.6061
2018-10-04 00:00:00,45.6621
2018-09-27 00:00:00,36.2205
2018-09-20 00:00:00,32.0423
2018-09-13 00:00:00,32.0896
2018-09-06 00:00:00,42.2222
2018-08-30 00:00:00,43.4959
2018-08-23 00:00:00,38.4615
2018-08-16 00:00:00,36.1702
2018-08-09 00:00:00,36.3636
2018-08-02 00:00:00,29.1105
2018-07-26 00:00:00,31.5217
2018-07-19 00:00:00,34.6633
2018-07-12 00:00:00,43.0508
2018-07-05 00:00:00,27.8552
2018-06-28 00:00:00,28.4483
2018-06-21 00:00:00,38.7187
2018-06-14 00:00:00,44.7802
2018-06-07 00:00:00,38.9313
2018-05-31 00:00:00,35.0181
2018-05-24 00:00:00,38.5621
2018-05-17 00:00:00,36.6755
2018-05-10 00:00:00,33.5106
2018-05-03 00:00:00,28.3951
2018-04-26 00:00:00,36.9085
2018-04-19 00:00:00,37.7834
2018-04-12 00:00:00,26.087
2018-04-05 00:00:00,31.8966
2018-03-29 00:00:00,31.9361
2018-03-22 00:00:00,33.2344
2018-03-15 00:00:00,36.8421
2018-03-08 00:00:00,26.4026
2018-03-01 00:00:00,37.2832
2018-02-22 00:00:00,44.6512
2018-02-15 00:00:00,48.5194
2018-02-08 00:00:00,37.0277
2018-02-01 00:00:00,44.7712
2018-01-25 00:00:00,45.4545
2018-01-18 00:00:00,54.1133
2018-01-11 00:00:00,48.6726
2018-01-04 00:00:00,59.7531
2017-12-28 00:00:00,52.6455
2017-12-21 00:00:00,50.4975
2017-12-14 00:00:00,45.0
2017-12-07 00:00:00,36.8771
2017-11-30 00:00:00,35.9459
2017-11-23 00:00:00,35.493
2017-11-16 00:00:00,29.3478
2017-11-09 00:00:00,45.1049
2017-11-02 00:00:00,45.0549
2017-10-26 00:00:00,39.6396
2017-10-19 00:00:00,37.931
2017-10-12 00:00:00,39.7661
2017-10-05 00:00:00,35.6
2017-09-28 00:00:00,33.3333
2017-09-21 00:00:00,40.1361
2017-09-14 00:00:00,41.2879
2017-09-07 00:00:00,29.2776
2017-08-31 00:00:00,25.0
2017-08-24 00:00:00,28.0992
2017-08-17 00:00:00,34.1743
2017-08-10 00:00:00,33.6667
2017-08-03 00:00:00,36.1111
2017-07-27 00:00:00,34.4595
2017-07-20 00:00:00,35.4839
2017-07-13 00:00:00,28.2407
2017-07-06 00:00:00,29.5775
2017-06-29 00:00:00,29.7143
2017-06-22 00:00:00,32.6531
2017-06-15 00:00:00,32.2709
2017-06-08 00:00:00,35.4331
2017-06-01 00:00:00,26.9231
2017-05-25 00:00:00,32.8571
2017-05-18 00:00:00,23.8532
2017-05-11 00:00:00,32.7338
2017-05-04 00:00:00,38.0711
2017-04-27 00:00:00,38.0488
2017-04-20 00:00:00,25.7062
2017-04-13 00:00:00,28.972
2017-04-06 00:00:00,28.3019
2017-03-30 00:00:00,30.2181
2017-03-23 00:00:00,35.2785
2017-03-16 00:00:00,31.1688
2017-03-09 00:00:00,30.0
2017-03-02 00:00:00,37.9085
2017-02-23 00:00:00,38.4615
2017-02-16 00:00:00,33.0909
2017-02-09 00:00:00,35.8025
2017-02-02 00:00:00,32.7982
2017-01-26 00:00:00,31.5789
2017-01-19 00:00:00,37.0079
2017-01-12 00:00:00,43.6364
2017-01-05 00:00:00,46.2006
2016-12-29 00:00:00,45.5696
2016-12-22 00:00:00,44.6064
2016-12-15 00:00:00,44.6575
2016-12-08 00:00:00,43.1211
2016-12-01 00:00:00,43.7751
2016-11-24 00:00:00,49.8938
2016-11-17 00:00:00,46.6531
2016-11-10 00:00:00,38.8889
2016-11-03 00:00:00,23.6364
2016-10-27 00:00:00,24.7549
2016-10-20 00:00:00,23.7395
2016-10-13 00:00:00,25.4717
2016-10-06 00:00:00,28.7946
2016-09-29 00:00:00,24.0
2016-09-22 00:00:00,24.826
2016-09-15 00:00:00,27.9379
2016-09-08 00:00:00,29.7468
2016-09-01 00:00:00,28.6
2016-08-25 00:00:00,29.4243
2016-08-18 00:00:00,35.5649
2016-08-11 00:00:00,31.2925
2016-08-04 00:00:00,29.7872
2016-07-28 00:00:00,31.25
2016-07-21 00:00:00,35.4251
2016-07-14 00:00:00,36.8664
2016-07-07 00:00:00,31.0573
2016-06-30 00:00:00,28.9125
2016-06-23 00:00:00,21.9697
2016-06-16 00:00:00,25.3472
2016-06-09 00:00:00,27.8317
2016-06-02 00:00:00,30.1676
2016-05-26 00:00:00,17.7515
2016-05-19 00:00:00,19.3384
2016-05-12 00:00:00,20.4082
2016-05-05 00:00:00,22.3301
2016-04-28 00:00:00,27.3663
2016-04-21 00:00:00,33.4052
2016-04-14 00:00:00,27.8481
2016-04-07 00:00:00,32.1918
2016-03-31 00:00:00,27.1805
2016-03-24 00:00:00,33.7808
2016-03-17 00:00:00,29.9587
2016-03-10 00:00:00,37.3576
2016-03-03 00:00:00,32.0158
2016-02-25 00:00:00,31.1947
2016-02-18 00:00:00,27.5605
2016-02-11 00:00:00,19.2385
2016-02-04 00:00:00,27.5472
2016-01-28 00:00:00,29.7535
2016-01-21 00:00:00,21.521
2016-01-14 00:00:00,17.8988
2016-01-07 00:00:00,22.1739
2015-12-31 00:00:00,25.0729
2015-12-24 00:00:00,26.3804
2015-12-17 00:00:00,23.8663
2015-12-10 00:00:00,28.5057
2015-12-03 00:00:00,29.4931
2015-11-26 00:00:00,32.3601
2015-11-19 00:00:00,30.7692
2015-11-12 00:00:00,34.2723
2015-11-05 00:00:00,39.0
2015-10-29 00:00:00,40.3922
2015-10-22 00:00:00,34.7656
2015-10-15 00:00:00,34.0816
2015-10-08 00:00:00,37.5238
2015-10-01 00:00:00,28.1059
2015-09-24 00:00:00,32.1199
2015-09-17 00:00:00,33.2645
2015-09-10 00:00:00,34.6499
2015-09-03 00:00:00,32.3843
2015-08-27 00:00:00,32.5
2015-08-20 00:00:00,26.8199
2015-08-13 00:00:00,30.4519
2015-08-06 00:00:00,24.3187
2015-07-30 00:00:00,21.1055
2015-07-23 00:00:00,32.54
2015-07-16 00:00:00,30.8108
2015-07-09 00:00:00,27.907
2015-07-02 00:00:00,22.6121
2015-06-25 00:00:00,35.5556
2015-06-18 00:00:00,25.4083
2015-06-11 00:00:00,20.0375
2015-06-04 00:00:00,27.3399
2015-05-28 00:00:00,27.0019
2015-05-21 00:00:00,25.2119
2015-05-14 00:00:00,26.7442
2015-05-07 00:00:00,27.0563
2015-04-30 00:00:00,30.8362
2015-04-23 00:00:00,31.47
2015-04-16 00:00:00,32.0675
2015-04-09 00:00:00,28.7016
2015-04-02 00:00:00,35.3952
2015-03-26 00:00:00,38.4298
2015-03-19 00:00:00,27.1605
2015-03-12 00:00:00,31.5961
2015-03-05 00:00:00,39.8026
2015-02-26 00:00:00,45.3731
2015-02-19 00:00:00,47.0199
2015-02-12 00:00:00,40.0
2015-02-05 00:00:00,35.4949
2015-01-29 00:00:00,44.1718
2015-01-22 00:00:00,37.1429
2015-01-15 00:00:00,46.1059
2015-01-08 00:00:00,41.0072
2015-01-01 00:00:00,51.7375
2014-12-25 00:00:00,50.9434
2014-12-18 00:00:00,38.7352
2014-12-11 00:00:00,45.0172
2014-12-04 00:00:00,42.6778
2014-11-27 00:00:00,52.1452
2014-11-20 00:00:00,49.1176
2014-11-13 00:00:00,57.931
2014-11-06 00:00:00,52.6882
2014-10-30 00:00:00,49.3711
2014-10-23 00:00:00,49.6875
2014-10-16 00:00:00,42.663
2014-10-09 00:00:00,39.8773
2014-10-02 00:00:00,35.4167
2014-09-25 00:00:00,41.8367
2014-09-18 00:00:00,42.236
2014-09-11 00:00:00,40.3846
2014-09-04 00:00:00,44.6746
2014-08-28 00:00:00,51.9231
2014-08-21 00:00:00,46.1078
2014-08-14 00:00:00,39.8119
2014-08-07 00:00:00,30.8869
2014-07-31 00:00:00,31.1224
2014-07-24 00:00:00,29.6296
2014-07-17 00:00:00,32.3625
2014-07-10 00:00:00,37.6404
2014-07-03 00:00:00,38.5075
2014-06-26 00:00:00,37.2208
2014-06-19 00:00:00,35.1744
2014-06-12 00:00:00,44.6875
2014-06-05 00:00:00,39.5062
2014-05-29 00:00:00,36.4641
2014-05-22 00:00:00,30.4348
2014-05-15 00:00:00,33.121
2014-05-08 00:00:00,28.3439
2014-05-01 00:00:00,29.7735
2014-04-24 00:00:00,34.5029
2014-04-17 00:00:00,27.2171
2014-04-10 00:00:00,28.4768
2014-04-03 00:00:00,35.3571
2014-03-27 00:00:00,31.1615
2014-03-20 00:00:00,36.7816
2014-03-13 00:00:00,41.3408
2014-03-06 00:00:00,40.5099
2014-02-27 00:00:00,39.6907
2014-02-20 00:00:00,42.2
2014-02-13 00:00:00,40.1478
2014-02-06 00:00:00,27.896
2014-01-30 00:00:00,32.1839
2014-01-23 00:00:00,38.1201
2014-01-16 00:00:00,38.992
2014-01-09 00:00:00,43.617
2014-01-02 00:00:00,43.0894
2013-12-26 00:00:00,55.0562
2013-12-19 00:00:00,47.4576
2013-12-12 00:00:00,41.2651
2013-12-05 00:00:00,42.6415
2013-11-28 00:00:00,47.3016
2013-11-21 00:00:00,34.3931
2013-11-14 00:00:00,39.1975
2013-11-07 00:00:00,45.4829
2013-10-31 00:00:00,44.9664
2013-10-24 00:00:00,49.2013
2013-10-17 00:00:00,46.2783
2013-10-10 00:00:00,41.3284
2013-10-03 00:00:00,37.8378
2013-09-26 00:00:00,36.0544
2013-09-19 00:00:00,45.1128
2013-09-12 00:00:00,45.515
2013-09-05 00:00:00,35.53
2013-08-29 00:00:00,33.5404
2013-08-22 00:00:00,28.9575
2013-08-15 00:00:00,34.507
2013-08-08 00:00:00,39.4984
2013-08-01 00:00:00,35.6164
2013-07-25 00:00:00,45.1178
2013-07-18 00:00:00,47.7352
2013-07-11 00:00:00,48.9362
2013-07-04 00:00:00,41.9929
2013-06-27 00:00:00,30.2752
2013-06-20 00:00:00,37.4532
2013-06-13 00:00:00,32.973
2013-06-06 00:00:00,29.4737
2013-05-30 00:00:00,35.9684
2013-05-23 00:00:00,48.9726
2013-05-16 00:00:00,38.4858
2013-05-09 00:00:00,40.7942
2013-05-02 00:00:00,30.9859
2013-04-25 00:00:00,28.2895
2013-04-18 00:00:00,26.8493
2013-04-11 00:00:00,19.3103
2013-04-04 00:00:00,35.493
2013-03-28 00:00:00,38.3954
2013-03-21 00:00:00,38.9439
2013-03-14 00:00:00,45.42
2013-03-07 00:00:00,31.0559
2013-02-28 00:00:00,28.3912
2013-02-21 00:00:00,41.7857
2013-02-14 00:00:00,42.2535
2013-02-07 00:00:00,42.7673
2013-01-31 00:00:00,48.0447
2013-01-24 00:00:00,52.3392
2013-01-17 00:00:00,43.9437
2013-01-10 00:00:00,46.4497
2013-01-03 00:00:00,38.7097
2012-12-27 00:00:00,44.403
2012-12-20 00:00:00,46.4
2012-12-13 00:00:00,43.2331
2012-12-06 00:00:00,42.2222
2012-11-28 00:00:00,40.9266
2012-11-22 00:00:00,35.8156
2012-11-15 00:00:00,28.8235
2012-11-08 00:00:00,38.4977
2012-11-01 00:00:00,35.7377
2012-10-25 00:00:00,29.2453
2012-10-18 00:00:00,28.6604
2012-10-11 00:00:00,30.5755
2012-10-04 00:00:00,33.8608
2012-09-27 00:00:00,36.1011
2012-09-20 00:00:00,37.5
2012-09-13 00:00:00,36.4583
2012-09-06 00:00:00,33.0579
2012-08-30 00:00:00,34.7222
2012-08-23 00:00:00,41.958
2012-08-16 00:00:00,36.8421
2012-08-09 00:00:00,36.4706
2012-08-02 00:00:00,30.4478
2012-07-26 00:00:00,28.115
2012-07-19 00:00:00,22.19
2012-07-12 00:00:00,30.2251
2012-07-05 00:00:00,32.64
2012-06-28 00:00:00,28.6689
2012-06-21 00:00:00,32.8904
2012-06-14 00:00:00,34.0351
2012-06-07 00:00:00,27.451
2012-05-31 00:00:00,28.0156
2012-05-24 00:00:00,30.4688
2012-05-17 00:00:00,23.5821
2012-05-10 00:00:00,25.3968
2012-05-03 00:00:00,35.4015
2012-04-26 00:00:00,27.6423
2012-04-19 00:00:00,31.1787
2012-04-12 00:00:00,28.1385
2012-04-05 00:00:00,38.1743
2012-03-29 00:00:00,42.47
2012-03-22 00:00:00,42.3841
2012-03-15 00:00:00,45.6067
2012-03-08 00:00:00,42.379
2012-03-01 00:00:00,44.512
2012-02-23 00:00:00,43.689
2012-02-16 00:00:00,42.713
2012-02-09 00:00:00,51.643
2012-02-02 00:00:00,43.806
2012-01-26 00:00:00,48.3974
2012-01-19 00:00:00,47.23
2012-01-12 00:00:00,49.14
2012-01-05 00:00:00,48.88
2011-12-29 00:00:00,40.6
2011-12-22 00:00:00,33.725
2011-12-15 00:00:00,40.18
2011-12-08 00:00:00,38.57
2011-12-01 00:00:00,33.04
2011-11-24 00:00:00,32.71
2011-11-17 00:00:00,41.93
2011-11-10 00:00:00,44.73
2011-11-03 00:00:00,40.18
2011-10-27 00:00:00,43.0
2011-10-20 00:00:00,35.98
2011-10-13 00:00:00,39.77
2011-10-06 00:00:00,35.23
2011-09-29 00:00:00,32.51
2011-09-22 00:00:00,25.33
2011-09-15 00:00:00,30.5
2011-09-08 00:00:00,30.22
2011-09-01 00:00:00,38.62
2011-08-25 00:00:00,36.44
2011-08-18 00:00:00,35.56
2011-08-11 00:00:00,33.43
2011-08-04 00:00:00,27.16
2011-07-28 00:00:00,37.84
2011-07-21 00:00:00,39.86
2011-07-14 00:00:00,39.31
2011-07-07 00:00:00,41.77
2011-06-30 00:00:00,38.31
2011-06-23 00:00:00,37.46
2011-06-16 00:00:00,29.0
2011-06-09 00:00:00,24.42
2011-06-02 00:00:00,30.18
2011-05-26 00:00:00,25.61
2011-05-19 00:00:00,26.69
2011-05-12 00:00:00,30.77
2011-05-05 00:00:00,35.46
2011-04-28 00:00:00,37.9
2011-04-21 00:00:00,32.16
2011-04-14 00:00:00,42.25
2011-04-07 00:00:00,43.59
2011-03-31 00:00:00,41.81
2011-03-24 00:00:00,37.74
2011-03-17 00:00:00,28.49
2011-03-10 00:00:00,35.97
2011-03-03 00:00:00,36.79
2011-02-24 00:00:00,36.63
2011-02-17 00:00:00,46.58
2011-02-10 00:00:00,49.4
2011-02-03 00:00:00,51.54
2011-01-27 00:00:00,42.04
2011-01-20 00:00:00,50.75
2011-01-13 00:00:00,52.34
2011-01-06 00:00:00,55.88
2010-12-30 00:00:00,51.61
2010-12-23 00:00:00,63.28
2010-12-16 00:00:00,50.23
2010-12-09 00:00:00,53.05
2010-12-02 00:00:00,49.66
2010-11-25 00:00:00,47.4
2010-11-18 00:00:00,40.0
2010-11-11 00:00:00,57.56
2010-11-04 00:00:00,48.23
2010-10-28 00:00:00,51.23
2010-10-21 00:00:00,49.62
2010-10-14 00:00:00,47.1
2010-10-07 00:00:00,49.03
2010-09-30 00:00:00,42.53
2010-09-23 00:00:00,44.97
2010-09-16 00:00:00,50.89
2010-09-09 00:00:00,43.87
2010-09-02 00:00:00,30.8
2010-08-26 00:00:00,20.74
2010-08-19 00:00:00,30.11
2010-08-12 00:00:00,39.76
2010-08-05 00:00:00,30.39
2010-07-29 00:00:00,40.0
2010-07-22 00:00:00,32.16
2010-07-15 00:00:00,39.37
2010-07-08 00:00:00,20.94
2010-07-01 00:00:00,24.68
2010-06-24 00:00:00,34.46
2010-06-17 00:00:00,42.45
2010-06-10 00:00:00,34.48
2010-06-03 00:00:00,37.09
2010-05-27 00:00:00,29.83
2010-05-20 00:00:00,41.3
2010-05-13 00:00:00,36.6
2010-05-06 00:00:00,39.13
2010-04-29 00:00:00,41.36
2010-04-22 00:00:00,38.12
2010-04-15 00:00:00,48.48
2010-04-08 00:00:00,42.86
2010-04-01 00:00:00,41.3
2010-03-25 00:00:00,32.39
2010-03-18 00:00:00,35.37
2010-03-11 00:00:00,45.29
2010-03-04 00:00:00,35.86
2010-02-25 00:00:00,34.89
2010-02-18 00:00:00,35.85
2010-02-11 00:00:00,36.75
2010-02-04 00:00:00,29.23
2010-01-28 00:00:00,35.0
2010-01-21 00:00:00,40.0
2010-01-14 00:00:00,47.44
2010-01-07 00:00:00,41.0
2009-12-31 00:00:00,49.18
2009-12-24 00:00:00,37.68
2009-12-17 00:00:00,42.11
2009-12-10 00:00:00,42.68
2009-12-03 00:00:00,41.58
2009-11-26 00:00:00,41.66
2009-11-19 00:00:00,42.73
2009-11-12 00:00:00,38.6
2009-11-05 00:00:00,22.22
2009-10-29 00:00:00,33.65
2009-10-22 00:00:00,40.48
2009-10-15 00:00:00,47.3
2009-10-08 00:00:00,35.09
2009-10-01 00:00:00,43.55
2009-09-24 00:00:00,39.09
2009-09-17 00:00:00,42.14
2009-09-10 00:00:00,37.33
2009-09-03 00:00:00,37.97
2009-08-27 00:00:00,33.98
2009-08-20 00:00:00,34.07
2009-08-13 00:00:00,51.0
2009-08-06 00:00:00,50.0
2009-07-30 00:00:00,47.67
2009-07-23 00:00:00,37.6
2009-07-16 00:00:00,28.68
2009-07-09 00:00:00,27.91
2009-07-02 00:00:00,37.84
2009-06-25 00:00:00,28.0
2009-06-18 00:00:00,33.33
2009-06-11 00:00:00,39.25
2009-06-04 00:00:00,47.56
2009-05-28 00:00:00,40.37
2009-05-21 00:00:00,33.72
2009-05-14 00:00:00,43.81
2009-05-07 00:00:00,44.09
2009-04-30 00:00:00,36.09
2009-04-23 00:00:00,31.82
2009-04-16 00:00:00,44.14
2009-04-09 00:00:00,35.71
2009-04-02 00:00:00,42.66
2009-03-26 00:00:00,39.13
2009-03-19 00:00:00,45.06
2009-03-12 00:00:00,27.64
2009-03-05 00:00:00,18.92
2009-02-26 00:00:00,24.3
2009-02-19 00:00:00,21.64
2009-02-12 00:00:00,32.91
2009-02-05 00:00:00,24.63
2009-01-29 00:00:00,25.27
2009-01-22 00:00:00,27.21
2009-01-15 00:00:00,27.63
2009-01-08 00:00:00,48.7
2009-01-01 00:00:00,24.0
2008-12-25 00:00:00,28.95
2008-12-18 00:00:00,39.73
2008-12-11 00:00:00,37.5
2008-12-04 00:00:00,26.67
2008-11-27 00:00:00,31.25
2008-11-20 00:00:00,24.37
2008-11-13 00:00:00,38.33
2008-11-06 00:00:00,44.83
2008-10-30 00:00:00,37.14
2008-10-23 00:00:00,38.74
2008-10-16 00:00:00,40.94
2008-10-09 00:00:00,31.47
2008-10-02 00:00:00,33.33
2008-09-25 00:00:00,34.04
2008-09-18 00:00:00,27.21
2008-09-11 00:00:00,29.27
2008-09-04 00:00:00,37.04
2008-08-28 00:00:00,30.68
2008-08-21 00:00:00,38.1
2008-08-14 00:00:00,42.86
2008-08-07 00:00:00,35.61
2008-07-31 00:00:00,40.0
2008-07-24 00:00:00,35.82
2008-07-17 00:00:00,25.0
2008-07-10 00:00:00,22.17
2008-07-03 00:00:00,23.93
2008-06-26 00:00:00,31.25
2008-06-19 00:00:00,32.98
2008-06-12 00:00:00,31.25
2008-06-05 00:00:00,43.48
2008-05-29 00:00:00,31.36
2008-05-22 00:00:00,46.3
2008-05-15 00:00:00,45.16
2008-05-08 00:00:00,52.81
2008-05-01 00:00:00,53.29
2008-04-24 00:00:00,46.67
2008-04-17 00:00:00,30.37
2008-04-10 00:00:00,45.76
2008-04-03 00:00:00,36.7
2008-03-27 00:00:00,41.6
2008-03-20 00:00:00,25.21
2008-03-13 00:00:00,20.42
2008-03-06 00:00:00,21.98
2008-02-28 00:00:00,34.31
2008-02-21 00:00:00,33.18
2008-02-14 00:00:00,33.33
2008-02-07 00:00:00,34.11
2008-01-31 00:00:00,30.08
2008-01-24 00:00:00,25.14
2008-01-17 00:00:00,24.3
2008-01-10 00:00:00,19.63
2008-01-03 00:00:00,25.71
2007-12-27 00:00:00,30.0
2007-12-20 00:00:00,35.85
2007-12-13 00:00:00,47.62
2007-12-06 00:00:00,40.65
2007-11-29 00:00:00,28.57
2007-11-22 00:00:00,25.58
2007-11-15 00:00:00,33.01
2007-11-08 00:00:00,36.19
2007-11-01 00:00:00,44.71
2007-10-25 00:00:00,31.25
2007-10-18 00:00:00,41.96
2007-10-11 00:00:00,54.64
2007-10-04 00:00:00,51.81
2007-09-27 00:00:00,49.37
2007-09-20 00:00:00,39.24
2007-09-13 00:00:00,40.0
2007-09-06 00:00:00,38.38
2007-08-30 00:00:00,40.3
2007-08-23 00:00:00,41.28
2007-08-16 00:00:00,42.22
2007-08-09 00:00:00,45.76
2007-08-02 00:00:00,45.88
2007-07-26 00:00:00,44.21
2007-07-19 00:00:00,41.77
2007-07-12 00:00:00,43.64
2007-07-05 00:00:00,43.84
2007-06-28 00:00:00,39.02
2007-06-21 00:00:00,43.16
2007-06-14 00:00:00,37.3
2007-06-07 00:00:00,40.59
2007-05-31 00:00:00,33.33
2007-05-24 00:00:00,37.35
2007-05-17 00:00:00,38.39
2007-05-10 00:00:00,42.86
2007-05-03 00:00:00,28.57
2007-04-26 00:00:00,39.24
2007-04-19 00:00:00,46.94
2007-04-12 00:00:00,40.85
2007-04-05 00:00:00,32.26
2007-03-29 00:00:00,42.68
2007-03-22 00:00:00,43.88
2007-03-15 00:00:00,32.99
2007-03-08 00:00:00,35.8
2007-03-01 00:00:00,36.63
2007-02-22 00:00:00,53.85
2007-02-15 00:00:00,47.57
2007-02-08 00:00:00,46.15
2007-02-01 00:00:00,46.32
2007-01-25 00:00:00,39.51
2007-01-18 00:00:00,57.78
2007-01-11 00:00:00,44.44
2007-01-04 00:00:00,49.14
2006-12-28 00:00:00,46.0
2006-12-21 00:00:00,39.08
2006-12-14 00:00:00,41.33
2006-12-07 00:00:00,38.94
2006-11-30 00:00:00,40.22
2006-11-23 00:00:00,41.94
2006-11-16 00:00:00,46.56
2006-11-09 00:00:00,50.6
2006-11-02 00:00:00,43.75
2006-10-26 00:00:00,52.17
2006-10-19 00:00:00,54.2
2006-10-12 00:00:00,48.98
2006-10-05 00:00:00,37.78
2006-09-28 00:00:00,51.32
2006-09-21 00:00:00,47.75
2006-09-14 00:00:00,47.95
2006-09-07 00:00:00,42.99
2006-08-31 00:00:00,41.57
2006-08-24 00:00:00,39.35
2006-08-17 00:00:00,30.53
2006-08-10 00:00:00,36.59
2006-08-03 00:00:00,31.46
2006-07-27 00:00:00,34.88
2006-07-20 00:00:00,23.85
2006-07-13 00:00:00,36.5
2006-07-06 00:00:00,37.7
2006-06-29 00:00:00,38.6
2006-06-22 00:00:00,34.4
2006-06-15 00:00:00,26.41
2006-06-08 00:00:00,26.23
2006-06-01 00:00:00,30.77
2006-05-25 00:00:00,33.04
2006-05-18 00:00:00,39.39
2006-05-11 00:00:00,54.9
2006-05-04 00:00:00,45.89
2006-04-27 00:00:00,42.11
2006-04-20 00:00:00,33.73
2006-04-13 00:00:00,45.36
2006-04-06 00:00:00,47.67
2006-03-30 00:00:00,37.21
2006-03-23 00:00:00,43.75
2006-03-16 00:00:00,46.55
2006-03-09 00:00:00,41.21
2006-03-02 00:00:00,40.94
2006-02-23 00:00:00,43.21
2006-02-16 00:00:00,40.18
2006-02-09 00:00:00,40.19
2006-02-02 00:00:00,44.7
2006-01-26 00:00:00,30.77
2006-01-19 00:00:00,50.0
2006-01-12 00:00:00,58.96
2006-01-05 00:00:00,29.35
2005-12-29 00:00:00,37.3
2005-12-22 00:00:00,41.03
2005-12-15 00:00:00,46.15
2005-12-08 00:00:00,49.47
2005-12-01 00:00:00,52.47
2005-11-24 00:00:00,57.33
2005-11-17 00:00:00,53.63
2005-11-10 00:00:00,58.62
2005-11-03 00:00:00,42.95
2005-10-27 00:00:00,32.05
2005-10-20 00:00:00,43.11
2005-10-13 00:00:00,38.96
2005-10-06 00:00:00,50.0
2005-09-29 00:00:00,31.88
2005-09-22 00:00:00,39.47
2005-09-15 00:00:00,51.43
2005-09-08 00:00:00,42.31
2005-09-01 00:00:00,31.76
2005-08-25 00:00:00,36.14
2005-08-18 00:00:00,29.29
2005-08-11 00:00:00,39.74
2005-08-04 00:00:00,47.83
2005-07-28 00:00:00,57.52
2005-07-21 00:00:00,41.18
2005-07-14 00:00:00,57.89
2005-07-07 00:00:00,43.0108
2005-06-30 00:00:00,45.89
2005-06-23 00:00:00,46.59
2005-06-16 00:00:00,48.05
2005-06-09 00:00:00,45.98
2005-06-02 00:00:00,48.61
2005-05-26 00:00:00,44.14
2005-05-19 00:00:00,38.92
2005-05-12 00:00:00,30.52
2005-05-05 00:00:00,28.57
2005-04-28 00:00:00,29.75
2005-04-21 00:00:00,36.84
2005-04-14 00:00:00,16.48
2005-04-07 00:00:00,27.74
2005-03-31 00:00:00,28.43
2005-03-24 00:00:00,23.23
2005-03-17 00:00:00,32.47
2005-03-10 00:00:00,49.66
2005-03-03 00:00:00,39.51
2005-02-24 00:00:00,31.82
2005-02-17 00:00:00,36.36
2005-02-10 00:00:00,43.75
2005-02-03 00:00:00,41.67
2005-01-27 00:00:00,26.43
2005-01-20 00:00:00,33.66
2005-01-13 00:00:00,33.99
2005-01-06 00:00:00,38.1
2004-12-30 00:00:00,57.66
2004-12-23 00:00:00,60.23
2004-12-16 00:00:00,52.53
2004-12-09 00:00:00,51.35
2004-12-02 00:00:00,56.76
2004-11-24 00:00:00,49.48
2004-11-18 00:00:00,64.1
2004-11-11 00:00:00,62.5
2004-11-04 00:00:00,57.14
2004-10-28 00:00:00,42.31
2004-10-21 00:00:00,42.48
2004-10-14 00:00:00,44.71
2004-10-07 00:00:00,56.93
2004-09-30 00:00:00,41.07
2004-09-23 00:00:00,51.2
2004-09-16 00:00:00,45.45
2004-09-09 00:00:00,50.5
2004-09-02 00:00:00,41.51
2004-08-26 00:00:00,41.53
2004-08-19 00:00:00,34.88
2004-08-12 00:00:00,38.57
2004-08-05 00:00:00,30.99
2004-07-29 00:00:00,34.0
2004-07-22 00:00:00,35.71
2004-07-15 00:00:00,47.37
2004-07-08 00:00:00,55.1
2004-07-01 00:00:00,56.97
2004-06-24 00:00:00,56.41
2004-06-17 00:00:00,41.41
2004-06-10 00:00:00,55.26
2004-06-03 00:00:00,33.33
2004-05-27 00:00:00,36.11
2004-05-20 00:00:00,36.67
2004-05-13 00:00:00,32.89
2004-05-06 00:00:00,38.98
2004-04-29 00:00:00,50.0
2004-04-22 00:00:00,50.0
2004-04-15 00:00:00,63.75
2004-04-08 00:00:00,58.78
2004-04-01 00:00:00,55.17
2004-03-25 00:00:00,31.48
2004-03-18 00:00:00,38.6
2004-03-11 00:00:00,41.29
2004-03-04 00:00:00,47.83
2004-02-26 00:00:00,41.58
2004-02-19 00:00:00,56.45
2004-02-12 00:00:00,56.1
2004-02-05 00:00:00,50.91
2004-01-29 00:00:00,56.88
2004-01-22 00:00:00,69.51
2004-01-15 00:00:00,66.29
2004-01-08 00:00:00,67.16
2004-01-01 00:00:00,62.41
2003-12-26 00:00:00,65.52
2003-12-18 00:00:00,60.2
2003-12-11 00:00:00,55.26
2003-12-04 00:00:00,69.37
2003-11-27 00:00:00,60.38
2003-11-20 00:00:00,53.23
2003-11-13 00:00:00,53.33
2003-11-06 00:00:00,57.58
2003-10-30 00:00:00,57.81
2003-10-23 00:00:00,52.78
2003-10-16 00:00:00,60.34
2003-10-09 00:00:00,57.58
2003-10-02 00:00:00,50.0
2003-09-25 00:00:00,57.28
2003-09-18 00:00:00,62.75
2003-09-11 00:00:00,58.14
2003-09-04 00:00:00,62.3
2003-08-28 00:00:00,56.7
2003-08-21 00:00:00,62.96
2003-08-14 00:00:00,50.56
2003-08-07 00:00:00,45.45
2003-07-31 00:00:00,51.54
2003-07-24 00:00:00,52.0
2003-07-17 00:00:00,51.26
2003-07-10 00:00:00,43.24
2003-07-03 00:00:00,41.18
2003-06-26 00:00:00,71.43
2003-06-19 00:00:00,56.41
2003-06-12 00:00:00,50.0
2003-06-05 00:00:00,52.0
2003-05-29 00:00:00,62.86
2003-05-22 00:00:00,38.46
2003-05-15 00:00:00,62.79
2003-05-08 00:00:00,52.8
2003-05-01 00:00:00,48.57
2003-04-24 00:00:00,63.0
2003-04-17 00:00:00,46.3
2003-04-10 00:00:00,38.46
2003-04-03 00:00:00,32.35
2003-03-27 00:00:00,39.42
2003-03-20 00:00:00,42.86
2003-03-13 00:00:00,34.29
2003-03-06 00:00:00,33.33
2003-02-27 00:00:00,26.02
2003-02-20 00:00:00,21.05
2003-02-13 00:00:00,21.9
2003-02-06 00:00:00,22.86
2003-01-30 00:00:00,25.53
2003-01-23 00:00:00,25.0
2003-01-16 00:00:00,29.17
2003-01-09 00:00:00,38.1
2003-01-02 00:00:00,32.43
2002-12-26 00:00:00,40.0
2002-12-19 00:00:00,42.86
2002-12-12 00:00:00,41.38
2002-12-05 00:00:00,52.94
2002-11-28 00:00:00,51.06
2002-11-21 00:00:00,50.56
2002-11-14 00:00:00,48.65
2002-11-07 00:00:00,50.0
2002-10-31 00:00:00,51.47
2002-10-24 00:00:00,44.58
2002-10-17 00:00:00,39.47
2002-10-10 00:00:00,28.85
2002-10-03 00:00:00,35.21
2002-09-26 00:00:00,24.51
2002-09-19 00:00:00,33.78
2002-09-12 00:00:00,38.36
2002-09-05 00:00:00,31.48
2002-08-29 00:00:00,50.0
2002-08-22 00:00:00,43.75
2002-08-15 00:00:00,37.93
2002-08-08 00:00:00,37.7
2002-08-01 00:00:00,34.21
2002-07-25 00:00:00,27.91
2002-07-18 00:00:00,26.25
2002-07-11 00:00:00,35.05
2002-07-03 00:00:00,26.56
2002-06-27 00:00:00,30.97
2002-06-20 00:00:00,45.71
2002-06-13 00:00:00,31.82
2002-06-06 00:00:00,32.79
2002-05-29 00:00:00,28.26
2002-05-23 00:00:00,26.19
2002-05-16 00:00:00,36.79
2002-05-09 00:00:00,30.26
2002-05-02 00:00:00,27.03
2002-04-25 00:00:00,36.67
2002-04-18 00:00:00,40.2
2002-04-11 00:00:00,28.21
2002-04-04 00:00:00,40.48
2002-03-28 00:00:00,51.16
2002-03-21 00:00:00,53.23
2002-03-14 00:00:00,56.45
2002-03-07 00:00:00,53.33
2002-02-28 00:00:00,44.44
2002-02-21 00:00:00,36.36
2002-02-14 00:00:00,45.16
2002-02-07 00:00:00,37.5
2002-01-31 00:00:00,45.45
2002-01-24 00:00:00,34.69
2002-01-17 00:00:00,29.55
2002-01-10 00:00:00,54.79
2002-01-03 00:00:00,51.11
2001-12-27 00:00:00,57.69
2001-12-20 00:00:00,52.46
2001-12-13 00:00:00,61.4
2001-12-06 00:00:00,59.18
2001-11-29 00:00:00,69.33
2001-11-22 00:00:00,58.33
2001-11-15 00:00:00,45.45
2001-11-08 00:00:00,34.62
2001-11-01 00:00:00,35.0
2001-10-25 00:00:00,55.88
2001-10-18 00:00:00,60.56
2001-10-11 00:00:00,47.37
2001-10-04 00:00:00,51.22
2001-09-27 00:00:00,51.11
2001-09-20 00:00:00,31.08
2001-09-13 00:00:00,26.67
2001-09-06 00:00:00,30.34
2001-08-30 00:00:00,31.43
2001-08-23 00:00:00,34.48
2001-08-16 00:00:00,35.42
2001-08-09 00:00:00,34.94
2001-08-02 00:00:00,36.36
2001-07-26 00:00:00,29.52
2001-07-19 00:00:00,50.0
2001-07-12 00:00:00,25.27
2001-07-05 00:00:00,40.74
2001-06-28 00:00:00,30.38
2001-06-21 00:00:00,33.33
2001-06-14 00:00:00,30.51
2001-06-07 00:00:00,42.55
2001-05-31 00:00:00,49.35
2001-05-24 00:00:00,61.9
2001-05-17 00:00:00,51.76
2001-05-10 00:00:00,53.33
2001-05-03 00:00:00,63.51
2001-04-26 00:00:00,46.55
2001-04-19 00:00:00,43.75
2001-04-12 00:00:00,30.3
2001-04-05 00:00:00,35.14
2001-03-29 00:00:00,37.25
2001-03-22 00:00:00,27.78
2001-03-15 00:00:00,30.91
2001-03-08 00:00:00,31.63
2001-03-01 00:00:00,45.95
2001-02-22 00:00:00,26.32
2001-02-15 00:00:00,30.43
2001-02-08 00:00:00,55.56
2001-02-01 00:00:00,50.0
2001-01-25 00:00:00,49.23
2001-01-18 00:00:00,36.59
2001-01-11 00:00:00,35.71
2001-01-04 00:00:00,42.59
2000-12-28 00:00:00,40.0
2000-12-21 00:00:00,31.11
2000-12-14 00:00:00,59.62
2000-12-07 00:00:00,47.06
2000-11-30 00:00:00,60.42
2000-11-23 00:00:00,36.51
2000-11-16 00:00:00,45.83
2000-11-09 00:00:00,62.86
2000-11-02 00:00:00,51.61
2000-10-26 00:00:00,64.1
2000-10-19 00:00:00,48.89
2000-10-12 00:00:00,41.46
2000-10-05 00:00:00,41.94
2000-09-28 00:00:00,53.33
2000-09-21 00:00:00,43.75
2000-09-14 00:00:00,41.18
2000-09-07 00:00:00,62.5
2000-08-31 00:00:00,55.88
2000-08-23 00:00:00,57.69
2000-08-17 00:00:00,59.38
2000-08-10 00:00:00,54.1
2000-08-03 00:00:00,41.3
2000-07-27 00:00:00,42.86
2000-07-20 00:00:00,66.67
2000-07-13 00:00:00,65.0
2000-07-06 00:00:00,56.1
2000-06-22 00:00:00,26.67
2000-06-15 00:00:00,43.75
2000-06-08 00:00:00,61.54
2000-06-01 00:00:00,41.67
2000-05-25 00:00:00,34.92
2000-05-18 00:00:00,35.29
2000-05-11 00:00:00,30.23
2000-05-04 00:00:00,34.78
2000-04-27 00:00:00,61.29
2000-04-20 00:00:00,63.73
2000-04-13 00:00:00,51.85
2000-04-06 00:00:00,45.83
2000-03-30 00:00:00,38.89
2000-03-23 00:00:00,65.71
2000-03-16 00:00:00,50.0
2000-03-08 00:00:00,58.33
2000-03-02 00:00:00,36.67
2000-02-24 00:00:00,41.38
2000-02-17 00:00:00,27.27
2000-02-10 00:00:00,41.86
2000-02-03 00:00:00,51.11
2000-01-27 00:00:00,53.7
2000-01-20 00:00:00,57.14
2000-01-13 00:00:00,59.26
2000-01-06 00:00:00,75.0
1999-12-30 00:00:00,60.0
1999-12-23 00:00:00,52.0
1999-12-16 00:00:00,54.0
1999-12-09 00:00:00,62.0
1999-12-02 00:00:00,62.0
1999-11-24 00:00:00,55.0
1999-11-18 00:00:00,46.0
1999-11-11 00:00:00,48.0
1999-11-04 00:00:00,43.0
1999-10-28 00:00:00,38.0
1999-10-21 00:00:00,38.0
1999-10-14 00:00:00,42.0
1999-10-07 00:00:00,34.0
1999-09-30 00:00:00,35.0
1999-09-23 00:00:00,36.0
1999-09-16 00:00:00,36.0
1999-09-09 00:00:00,37.0
1999-09-02 00:00:00,44.0
1999-08-26 00:00:00,35.0
1999-08-19 00:00:00,31.0
1999-08-12 00:00:00,30.0
1999-08-05 00:00:00,30.0
1999-07-29 00:00:00,42.0
1999-07-22 00:00:00,55.0
1999-07-15 00:00:00,54.0
1999-07-08 00:00:00,43.0
1999-07-01 00:00:00,35.0
1999-06-24 00:00:00,30.0
1999-06-17 00:00:00,38.0
1999-06-10 00:00:00,32.0
1999-06-03 00:00:00,32.0
1999-05-27 00:00:00,38.0
1999-05-20 00:00:00,43.0
1999-05-13 00:00:00,43.0
1999-05-06 00:00:00,54.0
1999-04-29 00:00:00,41.0
1999-04-22 00:00:00,38.0
1999-04-15 00:00:00,41.0
1999-04-08 00:00:00,36.0
1999-04-01 00:00:00,40.0
1999-03-25 00:00:00,38.0
1999-03-18 00:00:00,48.0
1999-03-11 00:00:00,37.0
1999-03-04 00:00:00,36.0
1999-02-25 00:00:00,37.0
1999-02-18 00:00:00,37.0
1999-02-11 00:00:00,48.0
1999-02-04 00:00:00,48.0
1999-01-28 00:00:00,47.0
1999-01-21 00:00:00,56.0
1999-01-14 00:00:00,51.0
1999-01-07 00:00:00,38.0
1998-12-31 00:00:00,41.0
1998-12-23 00:00:00,34.0
1998-12-17 00:00:00,41.0
1998-12-10 00:00:00,44.0
1998-12-03 00:00:00,49.0
1998-11-25 00:00:00,48.0
1998-11-19 00:00:00,40.0
1998-11-12 00:00:00,50.0
1998-11-05 00:00:00,38.0
1998-10-29 00:00:00,43.0
1998-10-22 00:00:00,32.0
1998-10-15 00:00:00,25.0
1998-10-08 00:00:00,25.0
1998-10-01 00:00:00,32.0
1998-09-24 00:00:00,34.0
1998-09-17 00:00:00,34.0
1998-09-10 00:00:00,29.0
1998-09-03 00:00:00,23.0
1998-08-27 00:00:00,23.0
1998-08-20 00:00:00,25.0
1998-08-13 00:00:00,27.0
1998-08-06 00:00:00,30.0
1998-07-30 00:00:00,44.0
1998-07-23 00:00:00,37.0
1998-07-16 00:00:00,35.0
1998-07-09 00:00:00,36.0
1998-07-02 00:00:00,33.0
1998-06-25 00:00:00,28.0
1998-06-18 00:00:00,29.0
1998-06-11 00:00:00,27.0
1998-06-04 00:00:00,25.0
1998-05-28 00:00:00,34.0
1998-05-21 00:00:00,38.0
1998-05-14 00:00:00,33.0
1998-05-07 00:00:00,43.0
1998-04-30 00:00:00,44.0
1998-04-23 00:00:00,40.0
1998-04-16 00:00:00,53.0
1998-04-09 00:00:00,41.0
1998-04-02 00:00:00,46.0
1998-03-26 00:00:00,45.0
1998-03-19 00:00:00,40.0
1998-03-12 00:00:00,44.0
1998-03-05 00:00:00,53.0
1998-02-26 00:00:00,53.0
1998-02-19 00:00:00,42.0
1998-02-12 00:00:00,45.0
1998-02-05 00:00:00,30.0
1998-01-30 00:00:00,38.0
1998-01-23 00:00:00,31.0
1998-01-16 00:00:00,38.0
1998-01-08 00:00:00,42.0
1997-12-31 00:00:00,34.0
1997-12-24 00:00:00,41.0
1997-12-18 00:00:00,40.0
1997-12-11 00:00:00,46.0
1997-12-04 00:00:00,49.0
1997-11-26 00:00:00,40.0
1997-11-20 00:00:00,40.0
1997-11-13 00:00:00,45.0
1997-11-06 00:00:00,38.0
1997-10-30 00:00:00,41.0
1997-10-23 00:00:00,40.0
1997-10-16 00:00:00,43.0
1997-10-09 00:00:00,43.0
1997-10-02 00:00:00,38.0
1997-09-25 00:00:00,39.0
1997-09-18 00:00:00,40.0
1997-09-11 00:00:00,42.0
1997-09-04 00:00:00,37.0
1997-08-28 00:00:00,50.0
1997-08-21 00:00:00,47.0
1997-08-14 00:00:00,49.0
1997-08-07 00:00:00,49.0
1997-07-31 00:00:00,48.0
1997-07-24 00:00:00,53.0
1997-07-17 00:00:00,54.0
1997-07-10 00:00:00,49.0
1997-07-03 00:00:00,45.0
1997-06-26 00:00:00,52.0
1997-06-19 00:00:00,59.0
1997-06-12 00:00:00,49.0
1997-06-05 00:00:00,52.0
1997-05-29 00:00:00,40.0
1997-05-22 00:00:00,40.0
1997-05-15 00:00:00,41.0
1997-05-08 00:00:00,30.0
1997-05-01 00:00:00,27.0
1997-04-24 00:00:00,28.0
1997-04-17 00:00:00,31.0
1997-04-10 00:00:00,26.0
1997-04-03 00:00:00,29.0
1997-03-27 00:00:00,27.0
1997-03-20 00:00:00,36.0
1997-03-13 00:00:00,34.0
1997-03-06 00:00:00,43.0
1997-02-27 00:00:00,63.0
1997-02-20 00:00:00,44.0
1997-02-13 00:00:00,45.0
1997-02-06 00:00:00,47.0
1997-01-30 00:00:00,51.0
1997-01-23 00:00:00,37.0
1997-01-16 00:00:00,42.0
1997-01-09 00:00:00,36.0
1997-01-02 00:00:00,43.0
1996-12-26 00:00:00,37.0
1996-12-19 00:00:00,33.0
1996-12-12 00:00:00,40.0
1996-12-05 00:00:00,41.0
1996-11-27 00:00:00,52.0
1996-11-21 00:00:00,43.0
1996-11-14 00:00:00,37.0
1996-11-07 00:00:00,26.0
1996-10-31 00:00:00,37.0
1996-10-24 00:00:00,42.0
1996-10-17 00:00:00,39.0
1996-10-10 00:00:00,38.0
1996-10-03 00:00:00,40.0
1996-09-26 00:00:00,34.0
1996-09-19 00:00:00,28.0
1996-09-12 00:00:00,26.0
1996-09-05 00:00:00,29.0
1996-08-29 00:00:00,28.0
1996-08-22 00:00:00,28.0
1996-08-15 00:00:00,43.0
1996-08-08 00:00:00,27.0
1996-08-01 00:00:00,29.0
1996-07-25 00:00:00,30.0
1996-07-18 00:00:00,29.0
1996-07-11 00:00:00,40.0
1996-07-03 00:00:00,32.0
1996-06-27 00:00:00,42.0
1996-06-20 00:00:00,42.0
1996-06-13 00:00:00,49.0
1996-06-06 00:00:00,47.0
1996-05-30 00:00:00,61.0
1996-05-23 00:00:00,51.0
1996-05-16 00:00:00,37.0
1996-05-09 00:00:00,46.0
1996-05-02 00:00:00,48.0
1996-04-25 00:00:00,28.0
1996-04-18 00:00:00,36.0
1996-04-11 00:00:00,40.0
1996-04-04 00:00:00,40.0
1996-03-28 00:00:00,45.0
1996-03-21 00:00:00,47.0
1996-03-14 00:00:00,36.0
1996-03-07 00:00:00,44.0
1996-02-29 00:00:00,45.0
1996-02-22 00:00:00,49.0
1996-02-15 00:00:00,54.0
1996-02-08 00:00:00,53.0
1996-02-01 00:00:00,54.0
1996-01-25 00:00:00,36.0
1996-01-18 00:00:00,42.0
1996-01-04 00:00:00,55.0
1995-12-28 00:00:00,46.0
1995-12-21 00:00:00,48.0
1995-12-14 00:00:00,51.0
1995-12-07 00:00:00,48.0
1995-11-30 00:00:00,51.0
1995-11-22 00:00:00,48.0
1995-11-16 00:00:00,46.0
1995-11-09 00:00:00,49.0
1995-11-02 00:00:00,47.0
1995-10-26 00:00:00,46.0
1995-10-19 00:00:00,47.0
1995-10-12 00:00:00,41.0
1995-10-05 00:00:00,39.0
1995-09-28 00:00:00,42.0
1995-09-21 00:00:00,46.0
1995-09-14 00:00:00,46.0
1995-09-07 00:00:00,37.0
1995-08-31 00:00:00,38.0
1995-08-24 00:00:00,35.0
1995-08-17 00:00:00,36.0
1995-08-10 00:00:00,40.0
1995-08-03 00:00:00,38.0
1995-07-27 00:00:00,41.0
1995-07-20 00:00:00,43.0
1995-07-13 00:00:00,44.0
1995-07-06 00:00:00,35.0
1995-06-29 00:00:00,35.0
1995-06-22 00:00:00,48.0
1995-06-15 00:00:00,36.0
1995-06-08 00:00:00,44.0
1995-06-01 00:00:00,39.0
1995-05-25 00:00:00,44.0
1995-05-18 00:00:00,42.0
1995-05-11 00:00:00,44.0
1995-05-04 00:00:00,42.0
1995-04-27 00:00:00,52.0
1995-04-20 00:00:00,37.0
1995-04-13 00:00:00,40.0
1995-04-06 00:00:00,42.0
1995-03-30 00:00:00,52.0
1995-03-23 00:00:00,47.0
1995-03-16 00:00:00,39.0
1995-03-09 00:00:00,48.0
1995-03-02 00:00:00,53.0
1995-02-23 00:00:00,46.0
1995-02-16 00:00:00,43.0
1995-02-09 00:00:00,34.0
1995-02-02 00:00:00,38.0
1995-01-26 00:00:00,38.0
1995-01-19 00:00:00,37.0
1995-01-12 00:00:00,36.0
1995-01-05 00:00:00,44.0
1994-12-29 00:00:00,40.0
1994-12-22 00:00:00,42.0
1994-12-15 00:00:00,33.0
1994-12-08 00:00:00,30.0
1994-11-30 00:00:00,44.0
1994-11-23 00:00:00,39.0
1994-11-17 00:00:00,39.0
1994-11-10 00:00:00,37.0
1994-11-03 00:00:00,40.0
1994-10-27 00:00:00,43.0
1994-10-20 00:00:00,39.0
1994-10-13 00:00:00,35.0
1994-10-06 00:00:00,33.0
1994-09-29 00:00:00,38.0
1994-09-22 00:00:00,37.0
1994-09-15 00:00:00,45.0
1994-09-08 00:00:00,47.0
1994-09-01 00:00:00,43.0
1994-08-25 00:00:00,32.0
1994-08-18 00:00:00,30.0
1994-08-11 00:00:00,34.0
1994-08-04 00:00:00,22.0
1994-07-28 00:00:00,27.0
1994-07-21 00:00:00,34.0
1994-07-14 00:00:00,25.0
1994-07-07 00:00:00,28.0
1994-06-30 00:00:00,32.0
1994-06-23 00:00:00,29.0
1994-06-16 00:00:00,32.0
1994-06-09 00:00:00,28.0
1994-06-02 00:00:00,39.0
1994-05-26 00:00:00,29.0
1994-05-19 00:00:00,22.0
1994-05-12 00:00:00,38.0
1994-05-05 00:00:00,32.0
1994-04-28 00:00:00,27.0
1994-04-21 00:00:00,26.0
1994-04-14 00:00:00,29.0
1994-04-07 00:00:00,28.0
1994-03-31 00:00:00,23.0
1994-03-24 00:00:00,29.0
1994-03-17 00:00:00,24.0
1994-03-10 00:00:00,29.0
1994-03-03 00:00:00,31.0
1994-02-24 00:00:00,41.0
1994-02-17 00:00:00,40.0
1994-02-10 00:00:00,49.0
1994-02-03 00:00:00,38.0
1994-01-27 00:00:00,41.0
1994-01-20 00:00:00,48.0
1994-01-13 00:00:00,38.0
1994-01-06 00:00:00,40.0
1993-12-30 00:00:00,44.0
1993-12-23 00:00:00,36.0
1993-12-16 00:00:00,33.0
1993-12-09 00:00:00,37.0
1993-12-02 00:00:00,33.0
1993-11-24 00:00:00,45.0
1993-11-18 00:00:00,34.0
1993-11-11 00:00:00,35.0
1993-11-04 00:00:00,32.0
1993-10-29 00:00:00,43.0
1993-10-22 00:00:00,42.0
1993-10-15 00:00:00,31.0
1993-10-08 00:00:00,29.0
1993-10-01 00:00:00,26.0
1993-09-24 00:00:00,28.0
1993-09-17 00:00:00,32.0
1993-09-10 00:00:00,30.0
1993-09-03 00:00:00,38.0
1993-08-27 00:00:00,27.0
1993-08-20 00:00:00,29.0
1993-08-13 00:00:00,25.0
1993-08-06 00:00:00,26.0
1993-07-30 00:00:00,25.0
1993-07-23 00:00:00,24.0
1993-07-16 00:00:00,22.0
1993-07-09 00:00:00,21.0
1993-07-02 00:00:00,18.0
1993-06-25 00:00:00,28.0
1993-06-18 00:00:00,22.0
1993-06-11 00:00:00,23.0
1993-06-04 00:00:00,33.0
1993-05-28 00:00:00,24.0
1993-05-21 00:00:00,21.0
1993-05-14 00:00:00,20.0
1993-05-07 00:00:00,21.0
1993-04-30 00:00:00,22.0
1993-04-23 00:00:00,28.0
1993-04-16 00:00:00,31.0
1993-04-09 00:00:00,32.0
1993-04-02 00:00:00,37.0
1993-03-26 00:00:00,43.0
1993-03-19 00:00:00,41.0
1993-03-12 00:00:00,45.0
1993-03-05 00:00:00,27.0
1993-02-26 00:00:00,34.0
1993-02-19 00:00:00,46.0
1993-02-12 00:00:00,47.0
1993-02-05 00:00:00,44.0
1993-01-29 00:00:00,40.0
1993-01-22 00:00:00,41.0
1993-01-15 00:00:00,54.0
1993-01-08 00:00:00,20.0
1993-01-01 00:00:00,60.0
1992-12-24 00:00:00,55.0
1992-12-18 00:00:00,63.0
1992-12-11 00:00:00,43.0
1992-12-04 00:00:00,37.0
1992-11-25 00:00:00,43.0
1992-11-20 00:00:00,48.0
1992-11-13 00:00:00,37.0
1992-11-06 00:00:00,49.0
1992-10-30 00:00:00,35.0
1992-10-23 00:00:00,21.0
1992-10-16 00:00:00,20.0
1992-10-09 00:00:00,21.0
1992-10-02 00:00:00,30.0
1992-09-25 00:00:00,25.0
1992-09-18 00:00:00,21.0
1992-09-11 00:00:00,22.0
1992-09-04 00:00:00,14.0
1992-08-28 00:00:00,30.0
1992-08-21 00:00:00,22.0
1992-08-14 00:00:00,26.0
1992-08-05 00:00:00,28.0
1992-07-31 00:00:00,22.0
1992-07-24 00:00:00,32.0
1992-07-17 00:00:00,29.0
1992-07-09 00:00:00,23.0
1992-07-02 00:00:00,21.0
1992-06-26 00:00:00,39.0
1992-06-19 00:00:00,35.0
1992-06-12 00:00:00,31.0
1992-06-05 00:00:00,41.0
1992-05-29 00:00:00,41.0
1992-05-22 00:00:00,48.0
1992-05-15 00:00:00,40.0
1992-05-08 00:00:00,43.0
1992-05-01 00:00:00,29.0
1992-04-24 00:00:00,52.0
1992-04-17 00:00:00,37.0
1992-04-10 00:00:00,43.0
1992-04-03 00:00:00,35.0
1992-03-27 00:00:00,43.0
1992-03-20 00:00:00,48.0
1992-03-13 00:00:00,38.0
1992-03-06 00:00:00,45.0
1992-02-28 00:00:00,43.0
1992-02-21 00:00:00,47.0
1992-02-14 00:00:00,46.0
1992-02-07 00:00:00,36.0
1992-01-31 00:00:00,47.0
1992-01-24 00:00:00,46.0
1992-01-17 00:00:00,51.0
1992-01-10 00:00:00,48.0
1992-01-03 00:00:00,49.0
1991-12-27 00:00:00,39.0
1991-12-20 00:00:00,36.0
1991-12-13 00:00:00,33.0
1991-12-06 00:00:00,23.0
1991-11-27 00:00:00,33.0
1991-11-22 00:00:00,48.0
1991-11-15 00:00:00,38.0
1991-11-08 00:00:00,32.0
1991-11-01 00:00:00,52.0
1991-10-25 00:00:00,31.0
1991-10-18 00:00:00,30.0
1991-10-11 00:00:00,39.0
1991-10-04 00:00:00,35.0
1991-09-27 00:00:00,31.0
1991-09-20 00:00:00,32.0
1991-09-13 00:00:00,43.0
1991-09-06 00:00:00,36.0
1991-08-30 00:00:00,41.0
1991-08-23 00:00:00,32.0
1991-08-16 00:00:00,37.0
1991-08-09 00:00:00,26.0
1991-08-02 00:00:00,33.0
1991-07-26 00:00:00,35.0
1991-07-19 00:00:00,27.0
1991-07-12 00:00:00,41.0
1991-07-03 00:00:00,28.0
1991-06-28 00:00:00,28.0
1991-06-21 00:00:00,44.0
1991-06-14 00:00:00,47.0
1991-06-07 00:00:00,46.0
1991-05-31 00:00:00,42.0
1991-05-24 00:00:00,38.0
1991-05-17 00:00:00,42.0
1991-05-10 00:00:00,38.0
1991-05-03 00:00:00,39.0
1991-04-26 00:00:00,55.0
1991-04-19 00:00:00,39.0
1991-04-12 00:00:00,43.0
1991-04-05 00:00:00,58.0
1991-03-29 00:00:00,47.0
1991-03-22 00:00:00,42.0
1991-03-15 00:00:00,55.0
1991-03-08 00:00:00,50.0
1991-03-01 00:00:00,50.0
1991-02-22 00:00:00,57.0
1991-02-15 00:00:00,46.0
1991-02-08 00:00:00,36.0
1991-02-01 00:00:00,29.0
1991-01-25 00:00:00,25.0
1991-01-18 00:00:00,22.0
1991-01-11 00:00:00,22.0
1991-01-04 00:00:00,31.0
1990-12-28 00:00:00,30.0
1990-12-21 00:00:00,16.0
1990-12-14 00:00:00,31.0
1990-12-07 00:00:00,26.0
1990-11-30 00:00:00,22.0
1990-11-21 00:00:00,16.0
1990-11-16 00:00:00,12.0
1990-11-09 00:00:00,20.0
1990-11-02 00:00:00,20.0
1990-10-26 00:00:00,23.0
1990-10-19 00:00:00,13.0
1990-10-12 00:00:00,21.0
1990-10-05 00:00:00,15.0
1990-09-28 00:00:00,26.0
1990-09-21 00:00:00,13.0
1990-09-14 00:00:00,16.0
1990-09-07 00:00:00,33.0
1990-08-31 00:00:00,23.0
1990-08-24 00:00:00,25.0
1990-08-17 00:00:00,18.0
1990-08-10 00:00:00,25.0
1990-08-03 00:00:00,26.0
1990-07-27 00:00:00,52.0
1990-07-20 00:00:00,40.0
1990-07-13 00:00:00,40.0
1990-07-06 00:00:00,28.0
1990-06-29 00:00:00,31.0
1990-06-22 00:00:00,34.0
1990-06-15 00:00:00,43.0
1990-06-08 00:00:00,35.0
1990-06-01 00:00:00,37.0
1990-05-25 00:00:00,39.0
1990-05-18 00:00:00,37.0
1990-05-11 00:00:00,28.0
1990-05-04 00:00:00,20.0
1990-04-27 00:00:00,28.0
1990-04-20 00:00:00,34.0
1990-04-12 00:00:00,27.0
1990-04-06 00:00:00,38.0
1990-03-30 00:00:00,34.0
1990-03-23 00:00:00,37.0
1990-03-16 00:00:00,25.0
1990-03-09 00:00:00,22.0
1990-03-02 00:00:00,21.0
1990-02-23 00:00:00,24.0
1990-02-16 00:00:00,23.0
1990-02-09 00:00:00,19.0
1990-02-02 00:00:00,15.0
1990-01-26 00:00:00,24.0
1990-01-19 00:00:00,31.0
1990-01-12 00:00:00,45.0
1990-01-05 00:00:00,40.0
1989-12-29 00:00:00,35.0
1989-12-22 00:00:00,36.0
1989-12-15 00:00:00,42.0
1989-12-08 00:00:00,31.0
1989-12-01 00:00:00,28.0
1989-11-22 00:00:00,27.0
1989-11-17 00:00:00,24.0
1989-11-10 00:00:00,27.0
1989-11-03 00:00:00,37.0
1989-10-27 00:00:00,36.0
1989-10-20 00:00:00,39.0
1989-10-13 00:00:00,28.0
1989-10-06 00:00:00,24.0
1989-09-29 00:00:00,33.0
1989-09-22 00:00:00,24.0
1989-09-15 00:00:00,31.0
1989-09-08 00:00:00,30.0
1989-09-01 00:00:00,34.0
1989-08-25 00:00:00,45.0
1989-08-18 00:00:00,35.0
1989-08-11 00:00:00,53.0
1989-08-04 00:00:00,35.0
1989-07-28 00:00:00,41.0
1989-07-21 00:00:00,32.0
1989-07-14 00:00:00,22.0
1989-07-07 00:00:00,37.0
1989-06-30 00:00:00,40.0
1989-06-23 00:00:00,33.0
1989-06-16 00:00:00,32.0
1989-06-09 00:00:00,43.0
1989-06-02 00:00:00,42.0
1989-05-26 00:00:00,48.0
1989-05-19 00:00:00,43.0
1989-05-12 00:00:00,38.0
1989-05-05 00:00:00,30.0
1989-04-28 00:00:00,31.0
1989-04-21 00:00:00,21.0
1989-04-14 00:00:00,25.0
1989-04-07 00:00:00,23.0
1989-03-31 00:00:00,18.0
1989-03-23 00:00:00,29.0
1989-03-17 00:00:00,28.0
1989-03-10 00:00:00,13.0
1989-03-03 00:00:00,29.0
1989-02-24 00:00:00,29.0
1989-02-17 00:00:00,42.0
1989-02-10 00:00:00,43.0
1989-02-03 00:00:00,33.0
1989-01-27 00:00:00,32.0
1989-01-20 00:00:00,36.0
1989-01-13 00:00:00,36.0
1989-01-06 00:00:00,26.0
1988-12-30 00:00:00,24.0
1988-12-23 00:00:00,22.0
1988-12-16 00:00:00,24.0
1988-12-09 00:00:00,17.0
1988-12-02 00:00:00,19.0
1988-11-25 00:00:00,17.0
1988-11-18 00:00:00,30.0
1988-11-11 00:00:00,23.0
1988-11-04 00:00:00,35.0
1988-10-28 00:00:00,40.0
1988-10-21 00:00:00,26.0
1988-10-14 00:00:00,22.0
1988-10-07 00:00:00,13.0
1988-09-30 00:00:00,26.0
1988-09-23 00:00:00,20.0
1988-09-16 00:00:00,24.0
1988-09-09 00:00:00,17.0
1988-09-02 00:00:00,18.0
1988-08-26 00:00:00,28.0
1988-08-19 00:00:00,19.0
1988-08-12 00:00:00,26.0
1988-08-05 00:00:00,21.0
1988-07-29 00:00:00,23.0
1988-07-22 00:00:00,16.0
1988-07-15 00:00:00,26.0
1988-07-08 00:00:00,35.0
1988-07-01 00:00:00,45.0
1988-06-24 00:00:00,33.0
1988-06-17 00:00:00,29.0
1988-06-10 00:00:00,28.0
1988-06-03 00:00:00,26.0
1988-05-27 00:00:00,28.0
1988-05-20 00:00:00,23.0
1988-05-13 00:00:00,19.0
1988-05-06 00:00:00,38.0
1988-04-29 00:00:00,22.0
1988-04-22 00:00:00,23.0
1988-04-15 00:00:00,23.0
1988-04-08 00:00:00,33.0
1988-04-01 00:00:00,35.0
1988-03-25 00:00:00,45.0
1988-03-18 00:00:00,41.0
1988-03-11 00:00:00,43.0
1988-03-04 00:00:00,38.0
1988-02-26 00:00:00,30.0
1988-02-19 00:00:00,27.0
1988-02-12 00:00:00,32.0
1988-02-05 00:00:00,32.0
1988-01-29 00:00:00,26.0
1988-01-22 00:00:00,21.0
1988-01-15 00:00:00,34.0
1988-01-08 00:00:00,34.0
1987-12-31 00:00:00,25.0
1987-12-24 00:00:00,28.0
1987-12-18 00:00:00,33.0
1987-12-11 00:00:00,23.0
1987-12-04 00:00:00,25.0
1987-11-27 00:00:00,27.0
1987-11-20 00:00:00,39.0
1987-11-13 00:00:00,31.0
1987-11-06 00:00:00,47.0
1987-10-30 00:00:00,44.0
1987-10-23 00:00:00,39.0
1987-10-16 00:00:00,37.0
1987-10-09 00:00:00,46.0
1987-10-02 00:00:00,44.0
1987-09-25 00:00:00,53.0
1987-09-18 00:00:00,60.0
1987-09-11 00:00:00,50.0
1987-09-04 00:00:00,42.0
1987-08-28 00:00:00,52.0
1987-08-21 00:00:00,66.0
1987-08-14 00:00:00,45.0
1987-08-07 00:00:00,56.0
1987-07-31 00:00:00,26.0
1987-07-24 00:00:00,36.0
